policy_id,product_id,property_id,year_built,property_type,estimated_value_usd,postal_code
0,2,0,1981,house,554022,Z21268
1,3,1,2008,rental,251338,Z97659
7,3,2,1992,rental,159509,Z79213
10,3,3,2012,rental,316311,Z68841
12,2,4,2008,house,1141493,Z07866
13,2,5,1963,house,657240,Z57170
14,2,6,1988,house,1043250,Z91082
16,3,7,1965,rental,247674,Z78912
19,2,8,1941,house,337928,Z91889
20,2,9,2002,house,1198865,Z60894
21,3,10,1969,rental,300101,Z59328
22,2,11,1986,house,305507,Z72232
24,2,12,1944,house,1201443,Z47527
28,2,13,1935,house,332278,Z89567
30,2,14,1999,house,378694,Z99832
31,2,15,1972,house,495669,Z47876
35,3,16,1993,rental,373776,Z74059
38,2,17,1988,house,939288,Z74814
39,2,18,1939,house,572458,Z39879
40,3,19,2012,rental,379220,Z73158
41,2,20,1995,house,1077574,Z49975
42,3,21,1950,rental,381559,Z49492
43,3,22,2011,rental,360790,Z22127
47,2,23,1998,house,291904,Z94342
48,2,24,1987,house,580262,Z21465
49,2,25,2009,house,1116307,Z47477
50,2,26,1966,house,1249291,Z48436
51,2,27,1998,house,561317,Z72087
52,2,28,1959,house,865390,Z11828
53,2,29,1976,house,1075383,Z91030
54,2,30,1962,house,684257,Z85006
55,3,31,1993,rental,266030,Z10004
60,3,32,2002,rental,358197,Z23344
61,3,33,1936,rental,198660,Z82765
63,3,34,1962,rental,259362,Z15202
66,3,35,1965,rental,160340,Z78052
67,3,36,1932,rental,210836,Z44353
68,3,37,2012,rental,161137,Z44088
69,2,38,1991,house,426357,Z92360
70,2,39,1952,house,1235938,Z34730
71,2,40,1993,house,288503,Z69366
74,2,41,1933,house,766065,Z17239
75,2,42,1996,house,304498,Z58325
79,2,43,1959,house,641309,Z61933
80,3,44,1959,rental,391486,Z23488
83,2,45,1987,house,302259,Z93859
85,3,46,2004,rental,242806,Z44656
86,2,47,1960,house,914247,Z00674
87,2,48,1988,house,464888,Z69831
90,3,49,2009,rental,374838,Z94416
91,3,50,2008,rental,176228,Z15944
95,3,51,1941,rental,361694,Z90104
96,3,52,1942,rental,198399,Z39667
97,2,53,1951,house,457286,Z42201
101,2,54,1971,house,448089,Z54704
107,2,55,1950,house,1223835,Z27814
109,3,56,1950,rental,176263,Z30543
110,3,57,1958,rental,249255,Z40969
113,3,58,1977,rental,151599,Z14405
115,2,59,1941,house,1201370,Z73418
116,2,60,1941,house,850542,Z52874
118,3,61,2000,rental,190889,Z56772
119,3,62,2014,rental,262611,Z54419
124,2,63,1934,house,782172,Z27689
125,2,8589934592,1966,house,462687,Z30224
126,3,8589934593,1933,rental,226005,Z40165
127,2,8589934594,1989,house,1226608,Z07995
128,2,8589934595,1965,house,1042142,Z33304
129,3,8589934596,1984,rental,372873,Z86137
133,2,8589934597,2010,house,938425,Z79879
134,2,8589934598,2012,house,328664,Z72445
135,3,8589934599,2013,rental,251810,Z75907
137,3,8589934600,2005,rental,348313,Z32938
138,3,8589934601,1971,rental,171982,Z11184
141,2,8589934602,2004,house,821706,Z25755
144,2,8589934603,1947,house,1160830,Z50019
145,2,8589934604,1969,house,1039128,Z18230
148,2,8589934605,1933,house,1168904,Z88226
149,2,8589934606,1951,house,858956,Z98273
150,2,8589934607,1934,house,843289,Z68732
151,2,8589934608,2016,house,972328,Z05580
155,2,8589934609,1963,house,725280,Z37137
156,2,8589934610,2010,house,1145680,Z68544
161,3,8589934611,1939,rental,387216,Z75687
162,2,8589934612,2006,house,1248336,Z71141
163,2,8589934613,1947,house,728767,Z38543
164,2,8589934614,1939,house,990599,Z90650
165,2,8589934615,1965,house,998150,Z49905
166,2,8589934616,1930,house,648799,Z85394
171,2,8589934617,1944,house,981593,Z49878
173,2,8589934618,1970,house,749763,Z23364
175,2,8589934619,1955,house,744928,Z52617
178,2,8589934620,1984,house,471281,Z69114
179,3,8589934621,1970,rental,163877,Z72648
180,3,8589934622,2010,rental,387861,Z96617
181,2,8589934623,1991,house,1193438,Z10518
182,2,8589934624,1960,house,464662,Z56495
184,3,8589934625,1996,rental,170569,Z00953
186,2,8589934626,1993,house,724784,Z15771
187,2,8589934627,1993,house,734369,Z27197
188,2,8589934628,1955,house,970878,Z78868
190,2,8589934629,1930,house,368286,Z52481
192,2,8589934630,1973,house,1160311,Z12015
193,2,8589934631,1972,house,1100072,Z34056
194,2,8589934632,1989,house,350047,Z36163
196,2,8589934633,1991,house,483449,Z63334
197,3,8589934634,1942,rental,182174,Z32499
198,3,8589934635,2015,rental,211417,Z17686
202,2,8589934636,1958,house,1077660,Z16213
203,3,8589934637,2017,rental,322322,Z30813
204,2,8589934638,1961,house,402025,Z69921
208,2,8589934639,1950,house,1030534,Z40202
209,2,8589934640,1955,house,693542,Z42585
215,3,8589934641,2013,rental,230614,Z89220
216,2,8589934642,1981,house,690885,Z13767
218,3,8589934643,1970,rental,356894,Z91929
219,3,8589934644,1935,rental,160476,Z99475
222,3,8589934645,2002,rental,232565,Z73738
224,3,8589934646,1970,rental,366577,Z17244
228,3,8589934647,1951,rental,399823,Z81844
229,2,8589934648,1940,house,1173618,Z17051
230,2,8589934649,1982,house,597312,Z04610
233,2,8589934650,1982,house,943667,Z02198
234,2,8589934651,2017,house,422396,Z27006
235,3,8589934652,1949,rental,227829,Z73616
236,3,8589934653,2001,rental,303847,Z40458
237,2,8589934654,2012,house,833263,Z50930
238,2,8589934655,1996,house,869343,Z66390
239,2,8589934656,1940,house,484890,Z45462
240,3,8589934657,1974,rental,356346,Z81224
241,3,8589934658,1963,rental,258564,Z63706
242,3,8589934659,1958,rental,194089,Z14458
243,2,8589934660,1954,house,1188600,Z22140
244,2,8589934661,1980,house,696574,Z45545
245,2,8589934662,1970,house,256742,Z79795
246,2,8589934663,1952,house,948320,Z57897
247,3,8589934664,1937,rental,396485,Z97639
248,2,8589934665,1953,house,1194179,Z39882
249,2,8589934666,1953,house,409442,Z99103
251,3,17179869184,1957,rental,203172,Z18281
254,2,17179869185,2010,house,552245,Z60279
256,2,17179869186,1966,house,651658,Z72590
257,2,17179869187,2001,house,329952,Z54929
258,3,17179869188,1937,rental,394152,Z31881
262,3,17179869189,2015,rental,348035,Z98126
266,3,17179869190,1934,rental,322106,Z64303
267,2,17179869191,2015,house,583045,Z48081
271,3,17179869192,1937,rental,169666,Z39116
275,2,17179869193,1941,house,1111386,Z87220
276,2,17179869194,1952,house,1048798,Z13177
278,3,17179869195,1992,rental,292927,Z20183
280,3,17179869196,1959,rental,377708,Z40548
281,3,17179869197,2004,rental,347282,Z64303
282,3,17179869198,1933,rental,379726,Z54387
283,2,17179869199,1959,house,974463,Z72616
286,2,17179869200,2007,house,1009087,Z45898
289,2,17179869201,2019,house,579384,Z47812
291,2,17179869202,1958,house,361843,Z97490
292,3,17179869203,1985,rental,302239,Z57196
294,3,17179869204,2004,rental,298322,Z93790
295,2,17179869205,1969,house,507559,Z60216
297,2,17179869206,1945,house,750204,Z78098
298,3,17179869207,2018,rental,330582,Z78175
299,2,17179869208,1933,house,432302,Z64933
301,2,17179869209,1976,house,1132270,Z77683
303,3,17179869210,1934,rental,268820,Z20980
308,2,17179869211,1965,house,1232748,Z59411
309,2,17179869212,1934,house,937329,Z48588
310,2,17179869213,1989,house,305809,Z48998
311,2,17179869214,1949,house,621374,Z54521
312,3,17179869215,1948,rental,373920,Z72600
316,3,17179869216,1947,rental,399584,Z78123
317,2,17179869217,2017,house,935450,Z85662
318,2,17179869218,2015,house,1006881,Z51043
320,3,17179869219,1984,rental,269692,Z20476
321,2,17179869220,1977,house,961421,Z72977
322,2,17179869221,2012,house,635441,Z79367
323,2,17179869222,1999,house,1156514,Z45745
324,3,17179869223,1990,rental,335150,Z51714
329,2,17179869224,1951,house,749058,Z75043
333,3,17179869225,1968,rental,337037,Z45587
334,3,17179869226,2002,rental,249700,Z93807
335,2,17179869227,1962,house,1103956,Z05118
336,2,17179869228,2002,house,748786,Z78570
338,3,17179869229,1953,rental,332898,Z79701
339,2,17179869230,1951,house,483643,Z85744
340,2,17179869231,1930,house,776176,Z28599
341,2,17179869232,2012,house,941149,Z89350
342,3,17179869233,1956,rental,274941,Z29222
344,3,17179869234,1945,rental,273732,Z13035
345,2,17179869235,2007,house,976491,Z24480
346,2,17179869236,1999,house,1216182,Z95810
347,3,17179869237,1970,rental,205320,Z31120
348,3,17179869238,1964,rental,385860,Z46629
349,2,17179869239,1974,house,355186,Z35777
351,2,17179869240,1998,house,814961,Z17524
352,2,17179869241,1941,house,259533,Z83692
355,2,17179869242,2016,house,407719,Z36205
356,2,17179869243,2001,house,521973,Z89352
358,2,17179869244,1957,house,1038690,Z50896
360,3,17179869245,2016,rental,203665,Z00183
363,2,17179869246,1933,house,774817,Z84596
364,2,17179869247,2001,house,370156,Z40014
365,2,17179869248,1939,house,590570,Z72381
366,3,17179869249,1964,rental,268696,Z09512
367,2,17179869250,1933,house,611641,Z37157
368,2,17179869251,1972,house,883354,Z38746
369,3,17179869252,1989,rental,271092,Z59788
372,2,17179869253,1984,house,575000,Z18371
375,2,25769803776,1949,house,432813,Z75023
376,3,25769803777,2017,rental,225561,Z99572
381,3,25769803778,2001,rental,250415,Z45579
382,2,25769803779,1991,house,852799,Z87632
383,3,25769803780,1937,rental,169988,Z54808
384,2,25769803781,1981,house,975907,Z47711
387,3,25769803782,2011,rental,233261,Z83865
388,2,25769803783,2001,house,799302,Z96350
389,2,25769803784,2012,house,568821,Z50736
390,2,25769803785,1984,house,1231276,Z27993
391,2,25769803786,1983,house,893046,Z71438
392,2,25769803787,1995,house,730821,Z28729
393,2,25769803788,1972,house,641170,Z50982
394,2,25769803789,2010,house,1122211,Z21392
395,2,25769803790,2019,house,381772,Z81583
397,3,25769803791,1973,rental,365347,Z85014
398,3,25769803792,1996,rental,349700,Z09691
399,2,25769803793,1997,house,451840,Z98344
400,2,25769803794,1965,house,655489,Z24544
403,2,25769803795,1995,house,893039,Z90609
406,2,25769803796,1974,house,793885,Z27796
407,2,25769803797,1974,house,976172,Z32909
411,2,25769803798,1949,house,708994,Z56301
412,2,25769803799,2014,house,728135,Z96031
413,2,25769803800,1949,house,1224916,Z00005
414,3,25769803801,1972,rental,331116,Z83601
416,2,25769803802,1973,house,821968,Z16896
417,3,25769803803,1994,rental,339772,Z38431
420,2,25769803804,1940,house,1187911,Z33785
421,2,25769803805,2011,house,852170,Z45062
422,2,25769803806,2006,house,1030995,Z74631
426,2,25769803807,1939,house,1031761,Z54119
427,2,25769803808,1951,house,899342,Z31847
431,3,25769803809,2004,rental,232346,Z87600
434,2,25769803810,1943,house,1026843,Z60617
435,2,25769803811,2000,house,459812,Z21138
437,2,25769803812,1969,house,844120,Z86837
442,3,25769803813,1969,rental,177961,Z06590
443,2,25769803814,2013,house,735889,Z31859
444,3,25769803815,1961,rental,214390,Z44599
446,2,25769803816,1992,house,739988,Z07549
448,2,25769803817,1945,house,795222,Z25501
449,2,25769803818,1982,house,976013,Z58018
451,2,25769803819,1985,house,1031239,Z25276
452,3,25769803820,1951,rental,275051,Z30673
453,3,25769803821,2014,rental,195575,Z84571
455,2,25769803822,1970,house,1106634,Z72108
456,2,25769803823,1930,house,760443,Z91641
457,2,25769803824,1992,house,454765,Z74099
459,3,25769803825,2014,rental,370567,Z17334
460,3,25769803826,1944,rental,395687,Z09809
462,3,25769803827,2011,rental,321832,Z84077
467,2,25769803828,1965,house,979785,Z99377
469,2,25769803829,1967,house,1043686,Z84400
470,2,25769803830,1979,house,707462,Z89259
473,2,25769803831,1955,house,767148,Z55250
474,2,25769803832,1957,house,1000442,Z20524
475,3,25769803833,1966,rental,163952,Z05062
476,2,25769803834,1942,house,705884,Z64364
477,2,25769803835,1996,house,1188080,Z91730
482,3,25769803836,1977,rental,242843,Z75853
484,2,25769803837,1981,house,301185,Z96976
487,2,25769803838,1978,house,1035716,Z26090
489,2,25769803839,1954,house,1047025,Z34309
490,3,25769803840,2016,rental,321363,Z67001
492,3,25769803841,2000,rental,339220,Z61529
493,3,25769803842,1998,rental,327855,Z83330
495,2,25769803843,1959,house,1107451,Z94715
496,2,25769803844,2006,house,535999,Z28844
497,2,25769803845,1946,house,1143518,Z98584
498,2,25769803846,1934,house,542228,Z99763
499,2,25769803847,1930,house,380355,Z03015
501,2,34359738368,1957,house,1000239,Z52824
502,3,34359738369,1966,rental,195703,Z68704
503,2,34359738370,1937,house,1245735,Z94322
504,3,34359738371,1959,rental,300700,Z93547
505,3,34359738372,2007,rental,331477,Z67893
507,3,34359738373,2001,rental,287326,Z11018
508,2,34359738374,1995,house,705799,Z95187
509,2,34359738375,1998,house,1126334,Z38708
512,2,34359738376,1959,house,798094,Z16878
517,3,34359738377,1940,rental,229705,Z61352
518,3,34359738378,1953,rental,395319,Z06082
521,3,34359738379,1975,rental,310761,Z98837
523,2,34359738380,1946,house,727120,Z21198
524,2,34359738381,2009,house,1088663,Z65105
527,2,34359738382,2018,house,1213511,Z77640
528,2,34359738383,1991,house,757371,Z10745
529,2,34359738384,1935,house,529941,Z77980
533,2,34359738385,1963,house,964394,Z40995
536,2,34359738386,1991,house,537302,Z93614
537,2,34359738387,1998,house,759833,Z58343
538,3,34359738388,1994,rental,270205,Z01395
543,2,34359738389,1964,house,463925,Z30484
544,3,34359738390,2011,rental,247793,Z20219
547,3,34359738391,1974,rental,368053,Z78968
548,2,34359738392,2006,house,1065845,Z93447
549,2,34359738393,1974,house,1100155,Z53893
551,3,34359738394,1951,rental,182943,Z97477
553,3,34359738395,1977,rental,200460,Z71331
554,3,34359738396,1992,rental,251372,Z27327
555,2,34359738397,1995,house,346919,Z51102
557,2,34359738398,2016,house,1233457,Z54297
558,2,34359738399,1939,house,495448,Z29264
560,2,34359738400,1980,house,1156107,Z94516
563,2,34359738401,1930,house,527964,Z14850
565,2,34359738402,1944,house,579098,Z60419
566,2,34359738403,1954,house,813024,Z50534
567,2,34359738404,2000,house,1210322,Z52915
568,2,34359738405,1977,house,250055,Z25589
570,2,34359738406,1940,house,1086020,Z10643
572,3,34359738407,1960,rental,310760,Z26380
573,2,34359738408,1962,house,418970,Z52362
574,2,34359738409,1987,house,634316,Z01127
575,2,34359738410,1959,house,587855,Z01480
579,2,34359738411,1945,house,700627,Z97068
581,2,34359738412,1944,house,996318,Z71778
586,2,34359738413,1957,house,791198,Z55538
587,2,34359738414,1992,house,568479,Z15264
588,3,34359738415,1966,rental,285971,Z46808
589,2,34359738416,1968,house,1126014,Z73798
593,3,34359738417,2010,rental,331543,Z54863
596,3,34359738418,1942,rental,264749,Z61900
597,2,34359738419,2012,house,856179,Z56655
598,2,34359738420,2019,house,461383,Z40303
600,2,34359738421,1996,house,1118388,Z49943
603,2,34359738422,1945,house,315910,Z58342
605,2,34359738423,2003,house,568598,Z41377
606,2,34359738424,1945,house,695995,Z70474
607,2,34359738425,1934,house,325495,Z50180
609,3,34359738426,1931,rental,269534,Z52647
610,2,34359738427,1954,house,505022,Z03821
611,3,34359738428,1996,rental,393729,Z26851
614,2,34359738429,1966,house,830188,Z57363
615,2,34359738430,1975,house,502766,Z23655
617,2,34359738431,1989,house,556742,Z40795
619,2,34359738432,1970,house,1095725,Z49682
620,2,34359738433,2003,house,971089,Z42012
622,2,34359738434,1987,house,1166421,Z73247
623,2,34359738435,1943,house,990999,Z70922
626,2,42949672960,1946,house,778252,Z39629
628,2,42949672961,1984,house,937055,Z81288
629,3,42949672962,1995,rental,337560,Z60618
630,3,42949672963,1979,rental,398934,Z34679
634,2,42949672964,1958,house,1193237,Z11588
635,2,42949672965,2018,house,1185487,Z88073
636,2,42949672966,1987,house,928942,Z36174
637,2,42949672967,1973,house,360188,Z01311
644,3,42949672968,1965,rental,263950,Z34156
645,3,42949672969,2008,rental,369083,Z30492
646,2,42949672970,1941,house,1201880,Z48227
648,2,42949672971,1948,house,637092,Z87639
649,2,42949672972,1966,house,418789,Z11792
652,2,42949672973,1987,house,863528,Z56665
654,3,42949672974,1978,rental,287024,Z80025
655,3,42949672975,1995,rental,269280,Z56542
656,2,42949672976,1971,house,310821,Z24558
660,3,42949672977,1973,rental,359666,Z78570
661,2,42949672978,2017,house,1238385,Z48520
663,2,42949672979,1981,house,461983,Z55046
666,2,42949672980,2014,house,901061,Z02343
668,3,42949672981,1984,rental,390878,Z22835
670,3,42949672982,2000,rental,276843,Z31225
673,2,42949672983,2000,house,1026417,Z01406
675,2,42949672984,1988,house,357451,Z39450
677,2,42949672985,1999,house,1029812,Z14139
678,2,42949672986,1948,house,659962,Z14250
679,2,42949672987,1983,house,1186151,Z21829
680,3,42949672988,1973,rental,219985,Z84596
682,2,42949672989,1974,house,833436,Z71746
684,2,42949672990,1979,house,263953,Z93471
685,3,42949672991,1995,rental,328599,Z19482
686,2,42949672992,2000,house,554849,Z50214
687,3,42949672993,2007,rental,221825,Z21396
688,2,42949672994,1975,house,452198,Z17221
691,2,42949672995,1948,house,1039697,Z20421
692,2,42949672996,1995,house,1184489,Z01582
698,2,42949672997,2001,house,788940,Z21089
700,2,42949672998,1971,house,1224784,Z09329
703,2,42949672999,1976,house,963323,Z79235
705,3,42949673000,1997,rental,277458,Z83476
706,3,42949673001,1971,rental,203481,Z46997
707,3,42949673002,2014,rental,353961,Z48153
709,2,42949673003,1934,house,523275,Z42111
713,3,42949673004,2000,rental,362539,Z91066
717,2,42949673005,2001,house,761025,Z56795
718,2,42949673006,2007,house,792980,Z28749
720,2,42949673007,1955,house,542646,Z72579
725,2,42949673008,2010,house,1195172,Z51643
726,3,42949673009,1956,rental,174230,Z87210
727,3,42949673010,1941,rental,395864,Z27028
728,2,42949673011,1952,house,398506,Z95764
730,3,42949673012,2016,rental,211362,Z22754
732,3,42949673013,1958,rental,376527,Z09809
733,2,42949673014,1971,house,854203,Z89631
740,3,42949673015,1962,rental,219491,Z28649
741,2,42949673016,1945,house,755346,Z41554
745,2,42949673017,2005,house,779162,Z14866
749,2,42949673018,1962,house,505897,Z52863
752,2,51539607552,1997,house,646297,Z90805
753,2,51539607553,2019,house,1062891,Z75146
758,2,51539607554,1971,house,856188,Z94902
761,2,51539607555,2008,house,596798,Z14738
764,2,51539607556,1979,house,365890,Z33836
765,2,51539607557,1972,house,1130740,Z72786
766,2,51539607558,2005,house,611750,Z49299
768,2,51539607559,2016,house,263113,Z00398
769,2,51539607560,1975,house,591572,Z36381
770,2,51539607561,1955,house,554925,Z75773
771,2,51539607562,1994,house,732276,Z64798
772,3,51539607563,1955,rental,282063,Z41535
773,3,51539607564,1975,rental,321764,Z71704
774,3,51539607565,1949,rental,385809,Z35944
775,2,51539607566,2003,house,1126399,Z27153
779,3,51539607567,2006,rental,383872,Z71851
780,2,51539607568,1938,house,367923,Z62254
783,3,51539607569,2018,rental,319735,Z37499
787,2,51539607570,1952,house,816663,Z19667
788,2,51539607571,2011,house,1050262,Z92906
790,2,51539607572,1955,house,815431,Z68577
795,2,51539607573,1959,house,495583,Z42174
796,2,51539607574,1980,house,1035709,Z74945
799,2,51539607575,2016,house,735208,Z10927
801,2,51539607576,1930,house,800470,Z01720
803,3,51539607577,2005,rental,177547,Z51864
805,2,51539607578,1945,house,273438,Z83661
806,2,51539607579,1964,house,478359,Z55633
807,2,51539607580,1960,house,562259,Z74725
808,2,51539607581,1970,house,264065,Z59514
809,3,51539607582,1997,rental,387970,Z51776
810,2,51539607583,1978,house,644512,Z87976
811,2,51539607584,1958,house,391398,Z60801
812,2,51539607585,2008,house,392507,Z46293
813,3,51539607586,1984,rental,246773,Z67654
817,2,51539607587,1949,house,468297,Z89278
818,3,51539607588,2008,rental,192197,Z56012
820,3,51539607589,1935,rental,303382,Z17162
823,2,51539607590,1958,house,1095978,Z47547
825,2,51539607591,1970,house,967467,Z99558
826,2,51539607592,1936,house,1184729,Z39923
827,2,51539607593,1952,house,444831,Z56652
828,3,51539607594,1982,rental,165205,Z56387
829,2,51539607595,1952,house,752155,Z74292
832,2,51539607596,1957,house,463962,Z52451
835,2,51539607597,2006,house,422219,Z81412
837,3,51539607598,1994,rental,397096,Z80135
839,3,51539607599,2012,rental,202996,Z24102
842,3,51539607600,1996,rental,312765,Z55536
844,2,51539607601,1945,house,454219,Z37922
845,3,51539607602,1938,rental,344104,Z74630
847,2,51539607603,2005,house,265828,Z38458
848,3,51539607604,2019,rental,176863,Z14173
850,2,51539607605,2005,house,460900,Z28770
851,2,51539607606,2010,house,343296,Z89092
852,3,51539607607,1979,rental,344953,Z10852
855,3,51539607608,1948,rental,252491,Z51346
856,2,51539607609,1934,house,1042367,Z03486
857,2,51539607610,1987,house,1084771,Z67097
858,3,51539607611,2012,rental,384038,Z87080
859,2,51539607612,1998,house,719977,Z05585
860,2,51539607613,2017,house,731539,Z06696
863,3,51539607614,1953,rental,295859,Z68220
864,2,51539607615,1960,house,671121,Z50854
865,2,51539607616,1990,house,1160671,Z09559
867,3,51539607617,1985,rental,153488,Z16026
868,2,51539607618,2004,house,817966,Z79375
869,3,51539607619,2015,rental,226212,Z33236
870,2,51539607620,1955,house,537497,Z85779
871,3,51539607621,2018,rental,200550,Z08211
872,2,51539607622,2019,house,975801,Z09149
874,3,51539607623,1932,rental,347424,Z97055
878,2,60129542144,1977,house,1158064,Z62905
879,2,60129542145,1991,house,1001470,Z44032
880,2,60129542146,2014,house,1199032,Z79180
882,2,60129542147,2014,house,397390,Z18026
885,2,60129542148,1991,house,588367,Z49238
886,3,60129542149,1939,rental,249074,Z43376
890,3,60129542150,2015,rental,353223,Z15251
892,2,60129542151,1964,house,977875,Z53241
894,2,60129542152,1945,house,743005,Z40283
895,3,60129542153,1985,rental,301547,Z03293
896,2,60129542154,1935,house,253984,Z21799
899,2,60129542155,2018,house,613821,Z74355
901,2,60129542156,1949,house,1007743,Z95022
902,2,60129542157,1988,house,897989,Z69554
904,3,60129542158,1999,rental,236699,Z40314
905,2,60129542159,1939,house,665355,Z81693
906,3,60129542160,2000,rental,178972,Z22554
907,2,60129542161,1966,house,967049,Z98474
908,3,60129542162,2014,rental,370185,Z02499
909,3,60129542163,1982,rental,240438,Z21264
913,2,60129542164,1931,house,609451,Z84178
917,2,60129542165,1957,house,521540,Z60358
918,2,60129542166,1948,house,968522,Z74055
919,3,60129542167,2001,rental,153278,Z11447
920,3,60129542168,2014,rental,235393,Z40320
924,2,60129542169,1978,house,872548,Z94995
925,2,60129542170,2017,house,624998,Z50235
929,3,60129542171,1994,rental,226231,Z60089
930,2,60129542172,1954,house,446680,Z43847
931,2,60129542173,1975,house,1179077,Z26755
932,3,60129542174,1978,rental,270569,Z33052
933,2,60129542175,1956,house,935785,Z70579
934,2,60129542176,2015,house,671746,Z44629
935,3,60129542177,1943,rental,369100,Z96302
936,3,60129542178,1984,rental,179481,Z91944
937,2,60129542179,1975,house,999459,Z14324
938,3,60129542180,1977,rental,291666,Z53293
941,2,60129542181,1953,house,359272,Z30794
943,3,60129542182,1939,rental,350065,Z21580
944,2,60129542183,1953,house,267209,Z13015
945,2,60129542184,1977,house,768652,Z19775
946,3,60129542185,1931,rental,291358,Z93995
947,2,60129542186,1931,house,1086620,Z02304
948,2,60129542187,2017,house,806345,Z57320
949,2,60129542188,1994,house,997262,Z43209
950,2,60129542189,1979,house,845146,Z52908
952,2,60129542190,1943,house,767772,Z81527
953,2,60129542191,1972,house,1129772,Z35560
954,2,60129542192,1996,house,858019,Z11718
956,2,60129542193,1979,house,712943,Z03031
959,3,60129542194,1985,rental,211396,Z96564
961,2,60129542195,1980,house,926552,Z77637
964,3,60129542196,1966,rental,346427,Z73830
967,2,60129542197,1974,house,1142793,Z70055
968,2,60129542198,1982,house,810132,Z42443
970,2,60129542199,1967,house,421622,Z26916
971,2,60129542200,1993,house,725483,Z24847
973,3,60129542201,1975,rental,271302,Z34938
974,2,60129542202,1977,house,1245598,Z39234
976,2,60129542203,1933,house,649236,Z89953
977,3,60129542204,1954,rental,287617,Z66429
979,3,60129542205,1981,rental,155860,Z83693
981,3,60129542206,1951,rental,207090,Z36512
984,2,60129542207,1966,house,816531,Z00027
985,2,60129542208,1974,house,813885,Z34852
986,2,60129542209,1967,house,992928,Z87552
987,2,60129542210,1995,house,774519,Z19618
988,2,60129542211,1993,house,1064138,Z54172
989,3,60129542212,1951,rental,228065,Z26213
991,3,60129542213,1969,rental,153516,Z06100
992,2,60129542214,1943,house,1051368,Z42286
993,2,60129542215,1951,house,491024,Z30130
994,2,60129542216,1977,house,805372,Z09487
995,2,60129542217,2011,house,629229,Z91351
998,3,60129542218,1952,rental,248628,Z28511
999,2,60129542219,1979,house,996314,Z61696
1000,3,68719476736,1965,rental,377016,Z51686
1001,3,68719476737,2003,rental,337867,Z75309
1002,3,68719476738,1984,rental,387258,Z50418
1005,3,68719476739,1961,rental,186847,Z41667
1006,3,68719476740,1940,rental,234592,Z75911
1008,3,68719476741,2009,rental,331969,Z26671
1009,2,68719476742,1962,house,879064,Z89883
1010,3,68719476743,1931,rental,273251,Z49822
1011,2,68719476744,1960,house,690330,Z48604
1012,3,68719476745,1957,rental,150996,Z08034
1013,2,68719476746,1973,house,1041811,Z66633
1015,3,68719476747,2008,rental,240955,Z31426
1016,2,68719476748,1940,house,430270,Z62335
1017,2,68719476749,1980,house,742394,Z98257
1021,2,68719476750,2002,house,683766,Z61835
1022,2,68719476751,1980,house,402519,Z58570
1023,3,68719476752,1952,rental,339436,Z13913
1024,2,68719476753,2000,house,782421,Z64843
1025,3,68719476754,1973,rental,311997,Z69674
1026,2,68719476755,1979,house,652836,Z70241
1027,2,68719476756,1932,house,282938,Z78558
1031,2,68719476757,1950,house,467995,Z17835
1032,3,68719476758,1958,rental,253839,Z13404
1035,2,68719476759,1931,house,993564,Z61515
1036,2,68719476760,1965,house,1200235,Z77283
1038,3,68719476761,1942,rental,329262,Z30432
1039,2,68719476762,1942,house,945549,Z86527
1042,3,68719476763,1949,rental,239863,Z29356
1043,2,68719476764,2006,house,653152,Z53283
1045,3,68719476765,1994,rental,217885,Z57576
1046,2,68719476766,2014,house,1066946,Z44883
1048,3,68719476767,1947,rental,329631,Z35530
1051,3,68719476768,1975,rental,305637,Z86556
1054,2,68719476769,1949,house,475552,Z52969
1057,2,68719476770,1945,house,1234753,Z77433
1059,2,68719476771,1948,house,274994,Z54136
1060,3,68719476772,1931,rental,243750,Z40699
1061,2,68719476773,1948,house,462650,Z95522
1062,2,68719476774,1938,house,1091797,Z88469
1063,2,68719476775,2001,house,853586,Z71785
1064,2,68719476776,2005,house,990561,Z09608
1065,2,68719476777,1972,house,364471,Z72362
1069,2,68719476778,1973,house,653206,Z22639
1070,2,68719476779,1967,house,1199963,Z84059
1073,2,68719476780,2011,house,752363,Z27649
1074,3,68719476781,1981,rental,199170,Z90467
1075,3,68719476782,1955,rental,382269,Z46830
1081,3,68719476783,1995,rental,321446,Z28776
1082,3,68719476784,1976,rental,255437,Z12710
1085,2,68719476785,2008,house,850897,Z12271
1087,2,68719476786,1954,house,688475,Z68901
1088,2,68719476787,2016,house,517561,Z02006
1090,3,68719476788,1950,rental,337365,Z60465
1091,2,68719476789,1938,house,580532,Z08896
1095,3,68719476790,2010,rental,177318,Z67949
1097,3,68719476791,1955,rental,154302,Z53080
1098,2,68719476792,1967,house,955804,Z17352
1099,3,68719476793,1943,rental,279663,Z76592
1100,3,68719476794,1977,rental,359155,Z36130
1101,3,68719476795,1935,rental,289086,Z31704
1102,3,68719476796,1936,rental,336816,Z59631
1104,2,68719476797,1961,house,696302,Z84771
1106,3,68719476798,1959,rental,298787,Z14016
1107,2,68719476799,1953,house,1213032,Z77972
1108,2,68719476800,1970,house,1169450,Z19917
1109,2,68719476801,1951,house,393249,Z71617
1110,2,68719476802,1974,house,782939,Z76104
1111,2,68719476803,1943,house,557947,Z84234
1112,2,68719476804,1998,house,465809,Z96901
1113,3,68719476805,1949,rental,279443,Z06501
1115,2,68719476806,1967,house,380159,Z59341
1116,2,68719476807,1968,house,447759,Z65885
1117,2,68719476808,1980,house,1189961,Z67526
1124,2,68719476809,1968,house,273043,Z11935
1125,2,77309411328,2011,house,766870,Z49986
1126,2,77309411329,1997,house,1003105,Z44237
1127,2,77309411330,2015,house,754186,Z80966
1128,3,77309411331,1943,rental,307266,Z07594
1129,2,77309411332,1960,house,666684,Z67369
1131,2,77309411333,1995,house,1009124,Z55230
1132,2,77309411334,1974,house,516722,Z77905
1134,3,77309411335,1930,rental,260083,Z39312
1140,2,77309411336,1962,house,1148845,Z23688
1141,3,77309411337,1998,rental,347953,Z58007
1142,2,77309411338,1988,house,748228,Z87844
1144,2,77309411339,1967,house,736047,Z94102
1145,2,77309411340,1994,house,330342,Z41571
1148,2,77309411341,1962,house,916344,Z56451
1149,2,77309411342,1954,house,564271,Z54400
1150,2,77309411343,1994,house,873365,Z24240
1151,2,77309411344,1986,house,1232586,Z45301
1153,2,77309411345,1963,house,868357,Z62817
1155,3,77309411346,1947,rental,195068,Z08071
1157,2,77309411347,2013,house,835708,Z53730
1158,2,77309411348,1991,house,389140,Z74464
1162,3,77309411349,1967,rental,273098,Z11387
1166,2,77309411350,1997,house,898437,Z68959
1171,2,77309411351,1939,house,946755,Z01344
1172,2,77309411352,1931,house,952418,Z23678
1173,2,77309411353,1976,house,1035593,Z43087
1174,2,77309411354,2005,house,428359,Z59035
1175,2,77309411355,1980,house,384043,Z95089
1176,2,77309411356,1997,house,865161,Z12898
1177,3,77309411357,1983,rental,258441,Z92194
1180,3,77309411358,1976,rental,188130,Z32789
1182,2,77309411359,2009,house,1022841,Z05693
1183,3,77309411360,1984,rental,283105,Z18166
1184,2,77309411361,1971,house,554329,Z80487
1185,3,77309411362,1990,rental,250709,Z60669
1186,2,77309411363,2010,house,1115288,Z99599
1187,2,77309411364,1980,house,543571,Z66435
1188,2,77309411365,1945,house,782844,Z19909
1190,2,77309411366,1972,house,825766,Z85904
1192,2,77309411367,2019,house,698836,Z10580
1194,3,77309411368,1965,rental,158235,Z78937
1195,2,77309411369,1980,house,605313,Z45604
1197,3,77309411370,1980,rental,204499,Z55138
1199,2,77309411371,1996,house,1115577,Z67806
1202,2,77309411372,1977,house,779699,Z99620
1203,2,77309411373,2003,house,1024339,Z18769
1204,2,77309411374,2002,house,791371,Z49172
1205,2,77309411375,1951,house,657000,Z12495
1207,3,77309411376,1979,rental,335891,Z07870
1210,2,77309411377,1964,house,1205234,Z00538
1211,2,77309411378,1997,house,1134704,Z30623
1213,2,77309411379,1964,house,967865,Z66693
1214,2,77309411380,1942,house,346090,Z09620
1215,2,77309411381,1955,house,973635,Z28945
1216,2,77309411382,2010,house,476397,Z67819
1217,2,77309411383,1939,house,1090608,Z18021
1218,2,77309411384,1976,house,526495,Z64428
1220,2,77309411385,1933,house,1154680,Z23873
1222,3,77309411386,1990,rental,387559,Z41429
1223,2,77309411387,2008,house,718307,Z52071
1224,3,77309411388,1935,rental,323887,Z49950
1226,2,77309411389,1936,house,537766,Z01408
1228,2,77309411390,1991,house,377102,Z02640
1231,3,77309411391,1975,rental,250788,Z83524
1232,3,77309411392,1938,rental,354237,Z49043
1233,3,77309411393,1944,rental,206388,Z79417
1234,2,77309411394,2001,house,372713,Z09308
1236,3,77309411395,1959,rental,396188,Z68025
1237,2,77309411396,2007,house,939022,Z22992
1238,2,77309411397,1937,house,270068,Z02975
1239,2,77309411398,1938,house,854661,Z41752
1240,3,77309411399,2017,rental,156248,Z77890
1242,2,77309411400,1984,house,338963,Z77777
1243,3,77309411401,1940,rental,203163,Z52827
1244,3,77309411402,1930,rental,360449,Z19308
1245,3,77309411403,1954,rental,300897,Z86188
1246,2,77309411404,1962,house,929498,Z75205
1249,3,77309411405,1943,rental,335140,Z66835
1251,2,85899345920,1986,house,749865,Z11942
1255,2,85899345921,1969,house,692379,Z81071
1256,3,85899345922,2001,rental,279217,Z15944
1259,2,85899345923,1946,house,1059673,Z78497
1260,2,85899345924,1974,house,325950,Z78254
1261,2,85899345925,1969,house,923698,Z34825
1270,3,85899345926,1943,rental,338276,Z89467
1274,2,85899345927,1977,house,802311,Z83002
1275,3,85899345928,1966,rental,276047,Z99602
1277,2,85899345929,1932,house,1029067,Z36585
1279,2,85899345930,1949,house,643132,Z28939
1282,2,85899345931,1996,house,486882,Z56736
1284,2,85899345932,2015,house,830077,Z75247
1286,3,85899345933,1992,rental,254171,Z60468
1288,2,85899345934,1966,house,1128458,Z76786
1290,3,85899345935,2003,rental,339781,Z48787
1293,2,85899345936,1950,house,1191032,Z72429
1296,3,85899345937,2018,rental,216680,Z53148
1298,2,85899345938,1932,house,665719,Z44248
1299,3,85899345939,1949,rental,374711,Z61569
1300,2,85899345940,2005,house,814521,Z74064
1301,3,85899345941,1984,rental,274557,Z02645
1304,3,85899345942,1996,rental,271512,Z50717
1305,2,85899345943,1940,house,794015,Z78938
1306,3,85899345944,1966,rental,170085,Z41090
1307,3,85899345945,2015,rental,316586,Z38352
1308,2,85899345946,1975,house,492408,Z95899
1309,2,85899345947,1984,house,703017,Z41698
1311,2,85899345948,1969,house,878182,Z69691
1312,3,85899345949,1954,rental,228568,Z35365
1313,3,85899345950,1959,rental,305841,Z44676
1314,2,85899345951,1993,house,330721,Z24804
1315,2,85899345952,1970,house,787314,Z10337
1317,2,85899345953,2016,house,994656,Z77010
1318,2,85899345954,2012,house,363877,Z57554
1319,3,85899345955,1942,rental,395647,Z88135
1320,3,85899345956,1977,rental,304589,Z15196
1321,2,85899345957,1957,house,939598,Z74189
1323,3,85899345958,1949,rental,296427,Z65396
1324,2,85899345959,1941,house,263443,Z22292
1325,2,85899345960,1947,house,486784,Z12145
1327,2,85899345961,2014,house,680880,Z59558
1328,3,85899345962,1932,rental,184785,Z44838
1332,3,85899345963,1981,rental,312109,Z80740
1334,3,85899345964,1968,rental,324189,Z94531
1335,2,85899345965,1977,house,840356,Z05659
1336,2,85899345966,2003,house,1200907,Z47215
1338,2,85899345967,1962,house,378984,Z15053
1339,2,85899345968,1940,house,1171953,Z69859
1340,3,85899345969,1932,rental,325605,Z96473
1341,3,85899345970,2016,rental,346398,Z96021
1342,3,85899345971,1999,rental,194590,Z65997
1347,2,85899345972,1996,house,577895,Z28161
1349,3,85899345973,1993,rental,183511,Z58938
1351,3,85899345974,1968,rental,303790,Z93103
1355,2,85899345975,1954,house,306938,Z66104
1356,3,85899345976,1952,rental,343210,Z30093
1358,3,85899345977,1961,rental,226082,Z74947
1359,2,85899345978,1965,house,431665,Z47800
1364,3,85899345979,2010,rental,366322,Z76978
1366,2,85899345980,1989,house,1054886,Z43166
1368,2,85899345981,2005,house,856701,Z18578
1369,3,85899345982,1962,rental,223393,Z34990
1372,3,85899345983,1930,rental,283211,Z15195
1374,2,85899345984,1961,house,1246004,Z91285
1377,3,94489280512,1976,rental,274966,Z73563
1378,3,94489280513,1997,rental,260595,Z05524
1379,3,94489280514,1975,rental,352418,Z15410
1380,2,94489280515,1967,house,369428,Z93787
1383,3,94489280516,1998,rental,168987,Z25994
1384,2,94489280517,1954,house,1060725,Z75030
1385,3,94489280518,2010,rental,318425,Z59281
1387,2,94489280519,1974,house,409452,Z58905
1390,2,94489280520,1973,house,1034985,Z57947
1392,3,94489280521,1937,rental,288078,Z15085
1393,2,94489280522,1989,house,1032550,Z93284
1395,2,94489280523,1958,house,598262,Z98168
1397,2,94489280524,1986,house,1144682,Z19227
1398,2,94489280525,2018,house,1080036,Z35540
1399,2,94489280526,1985,house,1246031,Z33389
1400,3,94489280527,1982,rental,344767,Z25898
1402,2,94489280528,1942,house,615861,Z19133
1403,3,94489280529,1988,rental,248283,Z03304
1405,2,94489280530,1992,house,539399,Z79628
1406,2,94489280531,1993,house,817368,Z64859
1409,3,94489280532,2000,rental,209221,Z08999
1410,2,94489280533,1946,house,1002485,Z28950
1411,2,94489280534,1942,house,854696,Z91460
1413,2,94489280535,1985,house,1017871,Z37602
1414,2,94489280536,1999,house,737880,Z43204
1416,3,94489280537,1957,rental,295019,Z07245
1417,2,94489280538,2007,house,974301,Z91061
1419,3,94489280539,1956,rental,369614,Z01718
1422,2,94489280540,1977,house,781488,Z38734
1424,2,94489280541,1981,house,692490,Z23652
1428,2,94489280542,1970,house,865706,Z29965
1430,2,94489280543,1961,house,990652,Z24289
1431,3,94489280544,2007,rental,385258,Z61838
1432,3,94489280545,1977,rental,253930,Z34910
1433,2,94489280546,1999,house,276454,Z12924
1435,3,94489280547,1978,rental,291130,Z18218
1436,2,94489280548,1966,house,757177,Z51604
1437,3,94489280549,2015,rental,286004,Z99222
1439,2,94489280550,2009,house,1039394,Z23396
1441,2,94489280551,1994,house,660912,Z13887
1442,2,94489280552,1938,house,633531,Z54129
1444,2,94489280553,1995,house,1209001,Z95091
1445,2,94489280554,1950,house,666993,Z33645
1446,2,94489280555,2005,house,946923,Z63058
1447,2,94489280556,1954,house,603657,Z43922
1449,3,94489280557,2011,rental,210602,Z05368
1450,2,94489280558,1972,house,696767,Z97795
1452,2,94489280559,1955,house,498052,Z31242
1454,2,94489280560,1941,house,353379,Z03477
1455,2,94489280561,1941,house,1020109,Z06668
1457,2,94489280562,1992,house,825548,Z25622
1458,3,94489280563,1931,rental,263254,Z02723
1460,3,94489280564,1984,rental,307046,Z04466
1461,2,94489280565,1938,house,1131365,Z20042
1465,2,94489280566,1991,house,401962,Z72190
1468,2,94489280567,1977,house,991904,Z88983
1469,2,94489280568,1945,house,903971,Z49479
1470,3,94489280569,1998,rental,170180,Z79240
1472,3,94489280570,1962,rental,284329,Z82314
1477,2,94489280571,1958,house,472929,Z78262
1478,3,94489280572,1983,rental,336164,Z25013
1480,3,94489280573,2006,rental,178469,Z22789
1484,2,94489280574,1942,house,371460,Z02368
1485,2,94489280575,2000,house,845591,Z06476
1486,2,94489280576,1947,house,698388,Z57644
1487,2,94489280577,1994,house,1057414,Z35734
1488,2,94489280578,1998,house,1195329,Z34977
1489,2,94489280579,2005,house,306595,Z50572
1492,2,94489280580,2017,house,722159,Z39769
1497,2,94489280581,1935,house,400532,Z54333
1498,3,94489280582,1983,rental,322399,Z93689
1500,3,103079215104,1974,rental,179857,Z52318
1501,2,103079215105,1969,house,985643,Z09227
1502,3,103079215106,2002,rental,352681,Z69857
1503,2,103079215107,1936,house,305246,Z70195
1505,2,103079215108,1990,house,404106,Z56004
1507,3,103079215109,1979,rental,189863,Z52095
1510,2,103079215110,2000,house,1187887,Z05498
1512,2,103079215111,1965,house,509949,Z19247
1513,2,103079215112,1951,house,1000310,Z83091
1514,2,103079215113,1982,house,842820,Z14688
1515,2,103079215114,2009,house,839061,Z41671
1516,3,103079215115,2014,rental,346246,Z36583
1517,3,103079215116,1967,rental,345637,Z23994
1518,3,103079215117,1980,rental,237066,Z27783
1520,2,103079215118,1978,house,829484,Z31946
1521,2,103079215119,1951,house,400861,Z93651
1525,2,103079215120,1970,house,1182856,Z23401
1526,2,103079215121,1986,house,1231697,Z42841
1527,3,103079215122,1937,rental,373671,Z76901
1528,2,103079215123,1978,house,442281,Z19327
1529,3,103079215124,1997,rental,357509,Z48492
1531,3,103079215125,1940,rental,399008,Z90462
1532,2,103079215126,1992,house,605410,Z92123
1533,2,103079215127,1931,house,583896,Z92905
1536,2,103079215128,1951,house,508992,Z04917
1537,2,103079215129,1968,house,441341,Z56383
1538,2,103079215130,1983,house,283050,Z06116
1539,2,103079215131,2015,house,1046296,Z30844
1542,2,103079215132,1941,house,898605,Z73394
1543,3,103079215133,2012,rental,241465,Z94266
1544,2,103079215134,1959,house,339993,Z22761
1547,2,103079215135,1935,house,539506,Z02952
1550,3,103079215136,1946,rental,222350,Z30122
1553,3,103079215137,2002,rental,291842,Z89829
1554,3,103079215138,1984,rental,338121,Z10823
1555,2,103079215139,2019,house,1164616,Z14986
1556,2,103079215140,1989,house,626032,Z63940
1557,2,103079215141,1947,house,682049,Z33097
1558,3,103079215142,2007,rental,301174,Z67411
1559,2,103079215143,1939,house,322458,Z35281
1561,3,103079215144,2001,rental,341968,Z01894
1565,2,103079215145,1971,house,1160623,Z50143
1566,3,103079215146,1979,rental,271970,Z30684
1568,3,103079215147,1991,rental,331075,Z31061
1569,2,103079215148,2019,house,267189,Z50413
1571,3,103079215149,1946,rental,282872,Z78409
1572,3,103079215150,1974,rental,260622,Z97171
1576,3,103079215151,1941,rental,303926,Z87113
1579,3,103079215152,1937,rental,335163,Z27907
1581,2,103079215153,1930,house,637352,Z52934
1590,2,103079215154,1957,house,486532,Z80833
1591,2,103079215155,1990,house,549653,Z73391
1592,2,103079215156,1938,house,492900,Z09116
1593,2,103079215157,1956,house,868396,Z05957
1594,3,103079215158,1991,rental,156613,Z23810
1596,2,103079215159,1946,house,599109,Z32152
1598,2,103079215160,1987,house,379250,Z66255
1601,2,103079215161,1951,house,432186,Z00691
1602,2,103079215162,1967,house,766054,Z15048
1604,2,103079215163,1976,house,1242237,Z00341
1605,2,103079215164,1974,house,483966,Z03243
1606,3,103079215165,1931,rental,276794,Z81034
1608,2,103079215166,1932,house,388875,Z12317
1613,3,103079215167,2005,rental,347349,Z10391
1615,2,103079215168,1974,house,791303,Z61458
1616,3,103079215169,2001,rental,252728,Z43517
1618,3,103079215170,1938,rental,245883,Z92767
1619,3,103079215171,1991,rental,389750,Z19640
1624,3,103079215172,1950,rental,254248,Z27092
1625,2,111669149696,1940,house,773187,Z94694
1627,2,111669149697,2002,house,342273,Z64636
1628,2,111669149698,1944,house,948584,Z70357
1632,2,111669149699,2000,house,951965,Z10208
1636,2,111669149700,2000,house,810052,Z52742
1637,2,111669149701,1961,house,770962,Z22848
1638,2,111669149702,2010,house,304981,Z73532
1639,2,111669149703,2004,house,442476,Z13287
1640,2,111669149704,2019,house,1080919,Z27125
1641,3,111669149705,1962,rental,333911,Z93858
1642,3,111669149706,1956,rental,163811,Z93971
1644,2,111669149707,1981,house,396888,Z75021
1646,2,111669149708,1997,house,666716,Z32677
1650,2,111669149709,1984,house,615843,Z71794
1653,3,111669149710,1999,rental,188527,Z21567
1654,2,111669149711,1973,house,489950,Z15252
1657,2,111669149712,1995,house,527840,Z48016
1660,3,111669149713,1977,rental,384472,Z53277
1661,2,111669149714,1969,house,569465,Z01815
1662,2,111669149715,1985,house,1186522,Z83892
1663,2,111669149716,1996,house,484017,Z62742
1666,3,111669149717,1932,rental,214987,Z57912
1667,3,111669149718,1975,rental,337578,Z16918
1668,3,111669149719,2001,rental,298205,Z98820
1670,3,111669149720,1966,rental,297265,Z13797
1671,2,111669149721,1964,house,678415,Z57314
1674,3,111669149722,2016,rental,294871,Z28365
1675,2,111669149723,1967,house,1019023,Z68434
1676,2,111669149724,1992,house,443274,Z22621
1677,2,111669149725,1961,house,734929,Z54777
1679,2,111669149726,1970,house,1154638,Z24781
1680,2,111669149727,1952,house,1171241,Z77902
1681,3,111669149728,1939,rental,187715,Z50519
1685,2,111669149729,1999,house,1179061,Z97653
1686,2,111669149730,1981,house,299176,Z45889
1687,2,111669149731,2009,house,813838,Z05755
1688,3,111669149732,1943,rental,383214,Z56604
1689,2,111669149733,1996,house,311171,Z55588
1692,3,111669149734,1988,rental,395424,Z21481
1695,3,111669149735,1950,rental,198070,Z90679
1697,2,111669149736,1940,house,558450,Z51699
1699,3,111669149737,1983,rental,238853,Z87338
1700,3,111669149738,1970,rental,233474,Z40352
1701,2,111669149739,2002,house,983954,Z52830
1702,2,111669149740,2015,house,1192679,Z78762
1703,2,111669149741,1935,house,477618,Z51744
1704,2,111669149742,1972,house,279522,Z05105
1705,3,111669149743,1943,rental,214748,Z58714
1706,3,111669149744,1992,rental,197835,Z54072
1707,2,111669149745,2016,house,551226,Z11321
1708,2,111669149746,2016,house,1148299,Z59911
1712,2,111669149747,1989,house,358234,Z15839
1713,2,111669149748,1955,house,399865,Z06243
1714,3,111669149749,1983,rental,158263,Z92561
1717,2,111669149750,2013,house,889409,Z13742
1718,2,111669149751,1989,house,580979,Z74087
1719,3,111669149752,1957,rental,349074,Z60587
1720,3,111669149753,1997,rental,312151,Z90465
1721,2,111669149754,1973,house,924126,Z08758
1722,2,111669149755,1999,house,602819,Z10842
1724,2,111669149756,1968,house,268941,Z08535
1725,3,111669149757,1946,rental,172498,Z16018
1729,2,111669149758,1961,house,751444,Z49241
1730,2,111669149759,1943,house,556847,Z14005
1731,3,111669149760,2012,rental,222377,Z22750
1732,3,111669149761,1953,rental,378654,Z24119
1733,3,111669149762,1949,rental,244008,Z22099
1734,2,111669149763,2005,house,560622,Z97009
1736,2,111669149764,1971,house,754145,Z72113
1738,2,111669149765,1997,house,1034101,Z22048
1739,2,111669149766,1970,house,1221727,Z27238
1740,2,111669149767,1938,house,1121145,Z29390
1741,3,111669149768,1965,rental,258012,Z39859
1742,2,111669149769,1967,house,529075,Z77208
1743,3,111669149770,1976,rental,168115,Z00417
1746,2,111669149771,1962,house,779351,Z10760
1747,2,111669149772,1980,house,1058346,Z52298
1753,3,120259084288,1996,rental,280797,Z28675
1758,2,120259084289,1934,house,1196958,Z89610
1760,3,120259084290,1943,rental,173068,Z11271
1761,2,120259084291,2014,house,896367,Z55234
1764,3,120259084292,1953,rental,324646,Z84935
1765,2,120259084293,1997,house,953577,Z49016
1766,2,120259084294,1983,house,352087,Z51287
1768,2,120259084295,1983,house,777432,Z60555
1770,2,120259084296,1982,house,478487,Z61130
1771,2,120259084297,1943,house,985328,Z02120
1774,3,120259084298,2013,rental,325491,Z18161
1775,3,120259084299,2018,rental,290013,Z83945
1776,2,120259084300,1947,house,382880,Z01926
1777,2,120259084301,1961,house,521253,Z53347
1779,2,120259084302,1960,house,1188596,Z99591
1780,3,120259084303,1953,rental,280240,Z50647
1783,2,120259084304,1947,house,1189728,Z67891
1785,2,120259084305,1932,house,1000218,Z98343
1786,3,120259084306,2001,rental,163745,Z15714
1787,2,120259084307,1988,house,576777,Z50101
1788,2,120259084308,1938,house,967953,Z66574
1789,3,120259084309,1956,rental,198119,Z03904
1790,2,120259084310,2012,house,465680,Z92976
1791,2,120259084311,1963,house,402525,Z59450
1792,2,120259084312,1968,house,730168,Z00269
1796,2,120259084313,1936,house,782781,Z23484
1797,2,120259084314,2011,house,268151,Z45005
1799,2,120259084315,1931,house,1088935,Z69581
1802,3,120259084316,1964,rental,357730,Z01114
1803,2,120259084317,1951,house,877426,Z15399
1805,2,120259084318,1956,house,829129,Z93716
1807,2,120259084319,1951,house,419190,Z38177
1808,2,120259084320,1985,house,1238212,Z72340
1810,2,120259084321,1961,house,387977,Z53857
1811,3,120259084322,1941,rental,186722,Z17902
1812,2,120259084323,1946,house,823147,Z28413
1816,2,120259084324,1976,house,533654,Z84973
1818,3,120259084325,2019,rental,254179,Z87054
1820,2,120259084326,1951,house,934355,Z65937
1821,2,120259084327,1942,house,476215,Z74411
1822,2,120259084328,1978,house,797778,Z56207
1823,2,120259084329,2015,house,497821,Z33894
1826,3,120259084330,1960,rental,241461,Z20540
1829,3,120259084331,1986,rental,209988,Z56715
1830,2,120259084332,1969,house,1029029,Z75494
1831,2,120259084333,1934,house,755201,Z50621
1832,2,120259084334,2018,house,1226545,Z24919
1834,2,120259084335,1958,house,708901,Z48376
1835,2,120259084336,1933,house,307560,Z78565
1837,2,120259084337,1936,house,816055,Z87700
1839,2,120259084338,1953,house,805888,Z68809
1840,2,120259084339,1932,house,464814,Z32013
1843,2,120259084340,1934,house,1156803,Z77238
1847,2,120259084341,1948,house,766997,Z24643
1848,3,120259084342,1994,rental,219460,Z39928
1849,3,120259084343,2010,rental,229866,Z87753
1850,3,120259084344,1974,rental,384131,Z22785
1851,2,120259084345,2001,house,1123395,Z72810
1855,3,120259084346,2004,rental,208504,Z01607
1857,3,120259084347,2000,rental,257104,Z77156
1858,2,120259084348,1952,house,653532,Z58672
1859,2,120259084349,1950,house,778314,Z87125
1860,3,120259084350,1932,rental,342256,Z42246
1861,2,120259084351,1935,house,1037629,Z47600
1862,2,120259084352,1981,house,767451,Z31504
1863,2,120259084353,1962,house,301055,Z52938
1864,3,120259084354,1961,rental,198318,Z16368
1865,3,120259084355,1975,rental,271232,Z66388
1866,2,120259084356,1965,house,837154,Z72289
1868,2,120259084357,1978,house,790732,Z89641
1870,2,120259084358,2014,house,363215,Z99323
1871,3,120259084359,1950,rental,376159,Z17065
1872,3,120259084360,1953,rental,380310,Z78031
1873,2,120259084361,1943,house,849117,Z18982
1875,3,128849018880,1977,rental,386740,Z23952
1876,3,128849018881,1938,rental,311592,Z54155
1877,2,128849018882,1992,house,536754,Z85384
1878,2,128849018883,1993,house,1146112,Z74806
1879,2,128849018884,1980,house,362712,Z83488
1880,2,128849018885,1976,house,802351,Z29700
1881,2,128849018886,1934,house,1099365,Z78692
1882,2,128849018887,1947,house,740166,Z23185
1883,2,128849018888,2004,house,762877,Z54690
1884,3,128849018889,1943,rental,325894,Z83675
1886,3,128849018890,1967,rental,175522,Z30776
1887,3,128849018891,1962,rental,281858,Z41673
1891,2,128849018892,1951,house,855556,Z52126
1893,3,128849018893,1955,rental,207122,Z64497
1894,2,128849018894,1958,house,861308,Z43664
1897,3,128849018895,2014,rental,333832,Z95029
1898,2,128849018896,1951,house,271205,Z00413
1899,2,128849018897,1968,house,431615,Z23993
1900,3,128849018898,1999,rental,183220,Z75330
1901,2,128849018899,1947,house,1089463,Z65207
1902,2,128849018900,1973,house,269266,Z14186
1904,2,128849018901,2011,house,783484,Z96964
1906,3,128849018902,2012,rental,217813,Z45266
1908,2,128849018903,2013,house,1245924,Z55694
1909,2,128849018904,1934,house,756483,Z10848
1910,2,128849018905,1980,house,928921,Z19957
1915,2,128849018906,1935,house,1233447,Z49980
1916,2,128849018907,1957,house,407146,Z26836
1918,2,128849018908,1996,house,751019,Z16966
1921,2,128849018909,2014,house,915747,Z18043
1922,3,128849018910,1950,rental,384649,Z44696
1923,3,128849018911,1932,rental,384932,Z56206
1926,3,128849018912,1957,rental,337555,Z43831
1927,3,128849018913,2010,rental,231694,Z30125
1933,2,128849018914,1939,house,289046,Z62982
1934,3,128849018915,1943,rental,329488,Z68534
1935,2,128849018916,1987,house,1179771,Z87936
1936,3,128849018917,1959,rental,203920,Z96663
1937,2,128849018918,1990,house,844514,Z37785
1938,2,128849018919,1961,house,252695,Z80877
1939,2,128849018920,1931,house,484844,Z73654
1940,3,128849018921,1975,rental,188131,Z81290
1941,3,128849018922,1957,rental,270042,Z65387
1943,2,128849018923,1957,house,700058,Z72284
1944,3,128849018924,1975,rental,283195,Z39200
1945,3,128849018925,2000,rental,154538,Z23312
1948,3,128849018926,2017,rental,359734,Z08556
1949,2,128849018927,2008,house,945818,Z19179
1951,3,128849018928,1955,rental,306857,Z69469
1953,2,128849018929,1977,house,261140,Z52281
1954,2,128849018930,2002,house,403997,Z49003
1957,2,128849018931,1996,house,1187179,Z74595
1962,2,128849018932,1938,house,631779,Z20391
1963,2,128849018933,1935,house,973417,Z44648
1966,2,128849018934,1951,house,788578,Z98927
1967,2,128849018935,1958,house,429030,Z40090
1968,2,128849018936,1989,house,534136,Z08097
1969,2,128849018937,1930,house,1099746,Z43903
1970,3,128849018938,1943,rental,294782,Z78623
1972,2,128849018939,1930,house,1120554,Z51512
1973,2,128849018940,1932,house,909384,Z69459
1974,2,128849018941,2002,house,994120,Z12531
1976,2,128849018942,1941,house,812079,Z69013
1977,3,128849018943,1939,rental,192298,Z64892
1978,2,128849018944,1985,house,588949,Z25237
1981,2,128849018945,1969,house,455405,Z73608
1982,2,128849018946,2013,house,817163,Z11439
1983,2,128849018947,1947,house,1004957,Z76116
1986,2,128849018948,1954,house,756215,Z52894
1987,2,128849018949,2005,house,499202,Z76653
1988,3,128849018950,1992,rental,397053,Z18055
1989,2,128849018951,1999,house,733771,Z00447
1990,3,128849018952,1958,rental,184494,Z88047
1994,3,128849018953,1983,rental,293287,Z74217
1996,2,128849018954,1984,house,1035661,Z77969
1997,3,128849018955,1939,rental,220914,Z21109
1998,2,128849018956,1964,house,1127016,Z63836
1999,2,128849018957,1947,house,938098,Z78426
