policy_id,product_id,vehicle_id,year,make,model,vin
2,1,0,1995,Toyota,Model_116,19AF99BB30A92E409
3,1,1,2001,Chevy,Model_101,B27A6C35CA0A5BABA
4,1,2,2010,Chevy,Model_172,2B56DEC54E9BC4D02
5,1,3,2018,Chevy,Model_171,C1820660F3E408B76
6,4,4,2010,Harley,Model_50,1A9292DB68A9D7F39
8,1,5,2025,Chevy,Model_25,7C379765B0C0D0E35
9,1,6,1997,Ford,Model_83,D63AF08D25AACD1B5
11,1,7,2020,Toyota,Model_176,1656FD86B2FFD5EE5
15,4,8,2028,Harley,Model_171,C66D16BDC455AE19C
17,1,9,2027,Chevy,Model_124,3FE5CE5D1580E4954
18,1,10,2021,Tesla,Model_45,4B6E5A5FB89F1DC90
23,1,11,2011,Ford,Model_69,49B0443EA0E44C420
25,1,12,1995,Tesla,Model_181,21A8C49A667A1AA02
26,1,13,2031,Ford,Model_116,C3C80E4FFC16BA9AA
27,1,14,2004,Chevy,Model_28,17DD81459AEEC951D
29,4,15,2026,Honda,Model_196,FC2CDC31B3B5A5D30
32,1,16,2003,Chevy,Model_55,6E5FC0269226340F2
33,1,17,2013,Honda,Model_61,F2EBED4EA043D1388
34,1,18,1999,Ford,Model_180,A08D78BBD4B196611
36,4,19,2031,Harley,Model_0,6EEFCB465635F5639
37,1,20,1998,Tesla,Model_167,051210D651F2ACD80
44,1,21,2019,Ford,Model_16,A8A644B0EC95624AE
45,1,22,1999,Honda,Model_68,02E720D7D018508F0
46,1,23,2026,Tesla,Model_174,31E0CECAEDBC05817
56,1,24,1996,Chevy,Model_39,27BD6EDAE0D231FCF
57,1,25,2018,Chevy,Model_52,BCD5DE820D503B41C
58,1,26,2023,Honda,Model_191,7C43828001E1FE8D4
59,1,27,2001,Toyota,Model_64,33F1206516DAA849F
62,1,28,2021,Toyota,Model_0,88206FAE3AC8BEA98
64,1,29,2022,Ford,Model_176,D79FF1027BF797499
65,1,30,2017,Ford,Model_137,26212945C710C4EC4
72,1,31,2016,Tesla,Model_26,13282BB7FF1A7B6F2
73,1,32,1996,Honda,Model_186,07A47C72B2DD14FAE
76,1,33,2032,Chevy,Model_49,3C4E9B7AEAD9E2058
77,1,34,2021,Toyota,Model_139,C8D3D65AD1FE4411E
78,1,35,2023,Toyota,Model_186,A5DC392E1D9654D94
81,1,36,2034,Toyota,Model_127,1C01F4B4589BB17CE
82,1,37,2025,Tesla,Model_171,98D5DD356BAAC0292
84,1,38,2009,Chevy,Model_13,F0F84FF01B98FFB61
88,1,39,2028,Toyota,Model_59,997F2A144C88BE5F8
89,1,40,1995,Ford,Model_137,AC95C8A3226597492
92,1,41,1995,Ford,Model_91,31D4B7DC742C42CF6
93,1,42,2003,Chevy,Model_112,5C313FBD3D01E469E
94,1,43,2019,Tesla,Model_61,1206FF5FBC9D45E2A
98,1,44,1995,Toyota,Model_31,FEA57AD79DDD4C4F5
99,1,45,2033,Ford,Model_92,6FBC491EF59738B79
100,1,46,1997,Ford,Model_29,9FC4703A2ABFDB889
102,1,47,2006,Toyota,Model_30,0666771FF54258042
103,4,48,2026,Harley,Model_25,B36847B2025CF91D9
104,1,49,1999,Ford,Model_184,44358431293A8867A
105,1,50,2023,Honda,Model_144,87534CF6717B54497
106,1,51,2022,Ford,Model_21,ACC6671D9090A5096
108,1,52,2001,Ford,Model_147,3465A6B8CC89611DB
111,1,53,2010,Honda,Model_121,EA40034A216BE6880
112,1,54,2007,Chevy,Model_33,8DB0E812E56BE8E3A
114,1,55,1999,Honda,Model_162,596FCD1C563668461
117,1,56,2002,Toyota,Model_6,72E90AAD3A85D2BD6
120,1,57,2013,Tesla,Model_24,E03F76367786F8E3A
121,1,58,2013,Toyota,Model_83,97B75EAACD540B1A6
122,5,59,2033,Bayliner,Model_189,EECD50435EDEE45B4
123,1,60,2008,Chevy,Model_50,4FCA2872EAD981C9D
130,1,8589934592,1999,Honda,Model_199,F72F195A25090410E
131,1,8589934593,2023,Chevy,Model_187,E9B4C9026EBD81FE3
132,1,8589934594,2024,Ford,Model_192,DBE5809B3CAFBA299
136,1,8589934595,2019,Chevy,Model_192,6C1FD47947DE1A2A3
139,1,8589934596,2022,Honda,Model_147,8184C11F9D8966F84
140,1,8589934597,2006,Ford,Model_183,745EED04ECDB166AF
142,1,8589934598,1997,Ford,Model_117,53411D0ACEA25B8F4
143,1,8589934599,2023,Toyota,Model_195,10DD67B6CC0F3C693
146,1,8589934600,2029,Tesla,Model_106,B6D261EA0F8E552C6
147,1,8589934601,2009,Toyota,Model_183,389F80F51C0DB3119
152,1,8589934602,2030,Chevy,Model_199,DD3D7EA7D58B71110
153,1,8589934603,2009,Honda,Model_170,9B99581C3431E0B36
154,1,8589934604,2020,Ford,Model_50,461925A5FA53BAA5B
157,1,8589934605,2024,Honda,Model_22,B1C23AB06A932632E
158,1,8589934606,2018,Toyota,Model_126,55712E40A942E8579
159,1,8589934607,2010,Chevy,Model_186,9985389A7B853B1BF
160,4,8589934608,2031,Yamaha,Model_16,9FD7DEB79C3BA81D6
167,1,8589934609,2004,Chevy,Model_57,C9B14C3393269DA9D
168,4,8589934610,2011,Harley,Model_102,033A97210D596C406
169,1,8589934611,2032,Tesla,Model_51,5C83EE39A629DA835
170,1,8589934612,2026,Tesla,Model_169,CCA3B2AAA29A745D5
172,4,8589934613,2026,Honda,Model_192,0427BC047BD2A7123
174,1,8589934614,2012,Chevy,Model_127,31F62E06DDC7CA9E5
176,1,8589934615,2002,Toyota,Model_4,8B32B54569FC199BE
177,1,8589934616,1999,Ford,Model_136,14E4F8F1AB454271E
183,1,8589934617,2004,Toyota,Model_19,AB690D1EAA95D2607
185,1,8589934618,2008,Honda,Model_8,DBE0B5B90BD6B058E
189,1,8589934619,2028,Honda,Model_11,FF8F96EFAA25F5FD5
191,5,8589934620,2011,Yamaha,Model_170,DCF04472EC85BE2F6
195,4,8589934621,2021,Honda,Model_94,A151E751453258205
199,1,8589934622,2001,Ford,Model_64,1297A1144E95BD430
200,1,8589934623,2001,Honda,Model_17,3CC0933EEBBCA58F7
205,1,8589934624,1997,Chevy,Model_6,3ACE39D425213DDD0
206,4,8589934625,2029,Yamaha,Model_120,3DA806E78389BE64A
207,1,8589934626,2019,Ford,Model_24,8BC2F37868D6751EF
210,1,8589934627,1996,Tesla,Model_98,139D77B57EA9EFF21
211,1,8589934628,2007,Honda,Model_190,1B20ADCDDDB3EE63C
212,1,8589934629,2005,Honda,Model_148,231705A8B32481F6E
213,1,8589934630,2022,Toyota,Model_87,60274B1795323200A
214,1,8589934631,2033,Chevy,Model_151,86F28E5F025A08233
217,1,8589934632,1999,Honda,Model_110,8A9CE5E371FE82FEB
220,1,8589934633,2004,Tesla,Model_179,7EE823E2A5CB2F4D0
221,1,8589934634,2010,Chevy,Model_197,5E647F24D23B3AD7F
223,1,8589934635,1998,Chevy,Model_44,BB4843D6F64619806
225,1,8589934636,2003,Ford,Model_28,C771E51D625CB4DC4
226,1,8589934637,2011,Chevy,Model_165,B8023FA9FA92E8FE5
227,1,8589934638,2005,Toyota,Model_180,C9558C17F148F12D0
231,1,8589934639,2004,Honda,Model_184,64CF9F4B8419A83FB
232,1,8589934640,2018,Chevy,Model_108,B1B05A90EC2450A86
250,1,17179869184,2016,Toyota,Model_128,AA79893318B36C8AC
252,4,17179869185,2020,Harley,Model_170,CD7A4C87B9E47D5E5
253,1,17179869186,2007,Honda,Model_35,17A1B5FEC4226EF47
255,1,17179869187,2024,Ford,Model_4,6368735D3C4144CB8
259,5,17179869188,2016,Lund,Model_22,280EBAE9390182B16
260,1,17179869189,2004,Honda,Model_184,5EF088EDBF2663C89
261,1,17179869190,2008,Toyota,Model_83,F4668859C8C12A55E
263,1,17179869191,1995,Toyota,Model_147,B8D1063BE41813645
264,1,17179869192,2030,Honda,Model_131,A0CFD058F7CD5F09A
265,4,17179869193,1999,Harley,Model_58,5215E3F204C8C2635
268,1,17179869194,2025,Toyota,Model_34,379CC4BE7E3E5DC69
269,4,17179869195,2018,Kawasaki,Model_106,3E11DB8FA5D29B1A4
270,4,17179869196,2008,Kawasaki,Model_44,CED251D78974F13A0
272,1,17179869197,2015,Honda,Model_85,043BF4FE88E333A66
273,1,17179869198,2000,Chevy,Model_147,FE49B8D648D68D69D
274,1,17179869199,2020,Honda,Model_188,0B2026C84A3595C6B
277,1,17179869200,2025,Ford,Model_109,49B3988613BC844EA
279,1,17179869201,2027,Tesla,Model_166,0CE701A76BC58C02B
284,1,17179869202,2034,Toyota,Model_25,DFEBFBE093554F7BB
285,1,17179869203,2024,Chevy,Model_128,2AEF8E30DAB7D49DF
287,1,17179869204,2002,Honda,Model_90,F6E7346A858FB4269
288,1,17179869205,2008,Honda,Model_72,01DC7C4F9C5F2B3B7
290,1,17179869206,1995,Ford,Model_113,040DCC496568D5A36
293,1,17179869207,2014,Chevy,Model_6,56268E8A36E540A57
296,1,17179869208,2017,Tesla,Model_76,5C4CC2E565A82AF0D
300,1,17179869209,2004,Ford,Model_78,04E0C503EA2096D9A
302,1,17179869210,2012,Chevy,Model_46,F458993529F0A4C73
304,1,17179869211,2020,Honda,Model_40,FB8C0945EC915BE6D
305,1,17179869212,2008,Tesla,Model_147,6C014B1D6D2ECBC88
306,4,17179869213,2034,Honda,Model_169,01C4D77E8B4F11F97
307,1,17179869214,2013,Honda,Model_68,0CE6C9318979A9BAF
313,1,17179869215,2013,Ford,Model_172,0945510B6D4C1FC7C
314,1,17179869216,2000,Honda,Model_65,49C71770F19B3FDAB
315,1,17179869217,2020,Toyota,Model_63,E0943AD72F5D417C3
319,1,17179869218,2017,Toyota,Model_7,F60182D6C48108162
325,1,17179869219,2034,Ford,Model_157,8F7932889707B0386
326,1,17179869220,2019,Chevy,Model_145,367FF9D6F33FB89D2
327,1,17179869221,2023,Honda,Model_193,E442A8DA4CBEE1891
328,1,17179869222,2008,Tesla,Model_147,7DD7CAC0CBA18CB5B
330,1,17179869223,2020,Toyota,Model_135,134BF39EFBF778C64
331,1,17179869224,2000,Tesla,Model_150,0F9E3C44B33D24235
332,1,17179869225,2017,Toyota,Model_153,EFDBDC08A5030D464
337,1,17179869226,2021,Toyota,Model_19,E786B68703DAD4EDB
343,1,17179869227,2027,Toyota,Model_146,FCF8E53B865A2DE92
350,1,17179869228,2028,Chevy,Model_73,E51BD71263748D7CC
353,1,17179869229,2003,Tesla,Model_187,3F626A149BEDA7DBC
354,1,17179869230,2026,Toyota,Model_111,BBEC0A97589C64FD6
357,1,17179869231,1997,Ford,Model_129,BAC7E7A8883BE75F0
359,1,17179869232,1995,Ford,Model_70,A8ED41C685E04D43C
361,1,17179869233,2025,Ford,Model_136,D92B03282F91A87A3
362,1,17179869234,2022,Honda,Model_33,C01B1FB1AE85361CD
370,1,17179869235,2013,Toyota,Model_185,6D631D4B8B62FE794
371,1,17179869236,2009,Honda,Model_132,CF958764553BFE75B
373,4,17179869237,2026,Yamaha,Model_50,DF482EA590C740A24
374,1,17179869238,2001,Honda,Model_9,38D8C1E4AED6101C7
377,1,25769803776,2000,Honda,Model_139,73653C179A43A5E3E
378,1,25769803777,2015,Honda,Model_157,E561E94C1E31A7898
379,1,25769803778,2010,Tesla,Model_169,BFA9FA582ECDE3A8C
380,4,25769803779,2013,Kawasaki,Model_82,FA3AF34A6BDDADEAC
385,1,25769803780,2002,Tesla,Model_101,A5B60D51DFB0C50BC
386,4,25769803781,1999,Kawasaki,Model_189,E0ADE3532B7DE5540
396,1,25769803782,2012,Ford,Model_102,58A5FE8C5C958C17C
401,1,25769803783,1995,Toyota,Model_91,1E5EDB1DF2EBB200A
402,1,25769803784,2012,Honda,Model_47,8053E0B9273E62D6F
404,1,25769803785,2026,Tesla,Model_42,194A03282838EEF37
405,1,25769803786,2017,Tesla,Model_38,BEB37A12D501E06B0
408,1,25769803787,2005,Chevy,Model_65,404D31D8DA4220CE9
409,1,25769803788,2030,Ford,Model_139,D7E3D5306F9195BC6
410,1,25769803789,1996,Ford,Model_56,617CEAD9B292C0DCA
415,1,25769803790,2025,Tesla,Model_71,287D4C6D141817F27
418,1,25769803791,2014,Honda,Model_8,532115936A38BB61E
419,1,25769803792,2017,Toyota,Model_158,74C3192D83D597D07
423,4,25769803793,2007,Kawasaki,Model_5,F0768BE5DD73ABFA7
424,1,25769803794,2026,Tesla,Model_177,48CD6FD09FAABE659
425,1,25769803795,2027,Ford,Model_123,B1865FEE4B8B43B75
428,1,25769803796,2009,Ford,Model_149,6728506BD4251C213
429,1,25769803797,2026,Tesla,Model_91,44B431886744F11E2
430,4,25769803798,2017,Kawasaki,Model_86,B257561523DF27BD4
432,1,25769803799,2029,Toyota,Model_104,860C93712924A3253
433,1,25769803800,2015,Tesla,Model_120,2E6E7C6527A9C52BD
436,1,25769803801,2005,Toyota,Model_190,9D9D251550A3C5721
438,1,25769803802,2018,Ford,Model_31,EA762C22FC7552BD8
439,1,25769803803,1999,Tesla,Model_30,961B674D946E557DE
440,1,25769803804,2002,Toyota,Model_109,ECAD8105DA868B3DD
441,1,25769803805,2008,Ford,Model_10,B07AB6577A00CD4C5
445,1,25769803806,2019,Tesla,Model_89,59D34ED2D20350A33
447,1,25769803807,2017,Ford,Model_40,003034F4CB30E41CA
450,1,25769803808,2032,Toyota,Model_117,38F13E84A374F8386
454,1,25769803809,1996,Tesla,Model_90,5C9C82101F906DE93
458,1,25769803810,2030,Chevy,Model_87,8814482DA229FDE6C
461,1,25769803811,1995,Toyota,Model_150,9D507447CF16AD92B
463,1,25769803812,1995,Tesla,Model_82,A88B55DF56AE6C17F
464,4,25769803813,1997,Harley,Model_130,E10C187AE70BA5446
465,1,25769803814,2020,Ford,Model_139,92D28C1A351481483
466,4,25769803815,2029,Kawasaki,Model_89,37D5968762B3849B7
468,1,25769803816,2000,Chevy,Model_189,19D9EBB080DF35BF0
471,1,25769803817,2008,Tesla,Model_159,84A2370B9301B9217
472,1,25769803818,2009,Chevy,Model_53,BA8C5DF811BBDE6EA
478,1,25769803819,2003,Tesla,Model_177,B2BC7294496F54D02
479,1,25769803820,2011,Toyota,Model_139,A28CF9F7CCBFBB225
480,4,25769803821,2001,Harley,Model_40,C61F129C5A9E12243
481,4,25769803822,2012,Kawasaki,Model_113,00903EE5C734DA2BD
483,1,25769803823,2018,Ford,Model_122,92F15B27F430598A4
485,1,25769803824,2019,Chevy,Model_43,6EFB5FA5DB058515A
486,1,25769803825,2005,Honda,Model_91,6550F47866A572DC3
488,1,25769803826,2002,Honda,Model_139,4CA304593922BD34D
491,5,25769803827,2005,Yamaha,Model_97,71AEA69EA12F37B71
494,1,25769803828,2003,Ford,Model_157,14C58437846BF477A
500,1,34359738368,2018,Tesla,Model_48,D19C68F8F03C3223D
506,1,34359738369,2015,Tesla,Model_53,5AD5C52FBB39DCCA4
510,1,34359738370,2029,Tesla,Model_10,636E0AC197E11D44A
511,1,34359738371,2029,Tesla,Model_78,8632EB2E6975A98FE
513,1,34359738372,2005,Chevy,Model_137,264A1165F6C951C1B
514,1,34359738373,2000,Tesla,Model_26,8267B1940DB05EB02
515,1,34359738374,2011,Honda,Model_88,3BE958EAFD4415D9A
516,1,34359738375,2030,Tesla,Model_194,CB992DF66F49EAE25
519,1,34359738376,2029,Honda,Model_54,6D696C17C98D4854C
520,1,34359738377,2019,Tesla,Model_173,6EBE3FB0DD4AE67FC
522,1,34359738378,2004,Tesla,Model_173,45D9D1D5E895DC3C9
525,1,34359738379,2008,Tesla,Model_64,D90FE9DC91C679BB1
526,1,34359738380,2031,Ford,Model_192,D30DBA3084C6C04DD
530,1,34359738381,2018,Toyota,Model_148,ACA1DFB9964FED4DD
531,1,34359738382,2000,Chevy,Model_172,7DDEA9EA06183872D
532,1,34359738383,2034,Tesla,Model_78,7EBD6F246209A9F80
534,1,34359738384,2006,Toyota,Model_193,C6870A6CB4F1201AD
535,1,34359738385,2007,Ford,Model_3,7034BE40AC5FACD26
539,1,34359738386,2031,Honda,Model_98,296EB2EFC7B8CFC76
540,1,34359738387,1995,Ford,Model_70,327CDD71892ACC99E
541,4,34359738388,2028,Harley,Model_193,9DD15B1B85596DC62
542,1,34359738389,1998,Tesla,Model_22,8B12764F51E389C43
545,1,34359738390,2008,Tesla,Model_159,A5245973B96DB511B
546,1,34359738391,2029,Chevy,Model_9,01B026B8BDF766D9B
550,1,34359738392,2002,Toyota,Model_41,898D8CFF7E068B65B
552,1,34359738393,2005,Chevy,Model_41,1D449B39DA04EC687
556,4,34359738394,2033,Kawasaki,Model_54,E10AA819523E80B3D
559,1,34359738395,2007,Toyota,Model_176,9AE64A2BBD323D597
561,1,34359738396,1995,Toyota,Model_17,FA90290DA50A45ED4
562,1,34359738397,2030,Toyota,Model_7,8C1D03ECF4389F72E
564,1,34359738398,2022,Tesla,Model_179,44C8147922F52C1DA
569,1,34359738399,2000,Honda,Model_18,BDD4A9F81399A4DC6
571,1,34359738400,2032,Ford,Model_33,E2DFC9804CED08CD9
576,1,34359738401,2004,Toyota,Model_58,3249CA5D192A27438
577,1,34359738402,2022,Toyota,Model_130,4077CEEC0061ABA3B
578,4,34359738403,2032,Yamaha,Model_95,D649C43B4776AF679
580,1,34359738404,2020,Chevy,Model_74,861D1DA7C55EAFAC9
582,1,34359738405,2029,Toyota,Model_132,0915FD50C0950D8CD
583,1,34359738406,1997,Honda,Model_32,6AF1365E6EF723A75
584,1,34359738407,2006,Tesla,Model_87,2EA2A10D0D9761A2A
585,1,34359738408,2022,Chevy,Model_31,551A0A244FFFA0D2B
590,1,34359738409,2013,Honda,Model_92,81D500A874D6FA707
591,1,34359738410,2017,Chevy,Model_77,721561695C6DC2B9E
592,1,34359738411,2007,Honda,Model_21,AA0FDD11C17954914
594,1,34359738412,2001,Tesla,Model_89,50DD724B59375E331
595,1,34359738413,2013,Tesla,Model_47,C07DAF7DB18C6935D
599,1,34359738414,2000,Ford,Model_171,25B00387122D9E600
601,1,34359738415,2001,Toyota,Model_6,82AE6FCFB2EF5008C
602,1,34359738416,2000,Tesla,Model_156,1AE5976FCFECD7F20
604,1,34359738417,2031,Tesla,Model_53,EDC078DCC97BF807C
608,1,34359738418,2023,Tesla,Model_80,FECD7A8F7134D25C4
612,1,34359738419,1999,Honda,Model_110,605CAFCB281623231
613,1,34359738420,2024,Chevy,Model_111,34961E77EDD1DB74B
616,1,34359738421,2019,Chevy,Model_106,7025A01437434D276
618,4,34359738422,2001,Yamaha,Model_178,EA69DD85F7A86BC76
621,1,34359738423,2027,Honda,Model_55,17EA8095035D6B302
625,1,42949672960,2034,Chevy,Model_179,0DEB1742DCECB05B4
627,1,42949672961,2032,Tesla,Model_83,405BCE3F0B17C7D36
631,1,42949672962,2033,Toyota,Model_53,3826DACBC15830458
632,1,42949672963,2033,Toyota,Model_120,199E5BAB686791944
633,1,42949672964,2024,Toyota,Model_32,D8A785551F7D32C2F
638,1,42949672965,2031,Tesla,Model_107,1D6A0306987303159
639,1,42949672966,2018,Honda,Model_142,38091C72A7BBCC2A5
640,1,42949672967,2034,Chevy,Model_139,E6DAB2F373D818C5F
641,1,42949672968,2016,Chevy,Model_5,1AC64E48CF26192B9
642,1,42949672969,2031,Ford,Model_189,D18D4A63CE35CC441
643,1,42949672970,2034,Toyota,Model_123,E992A93551B9C410E
647,1,42949672971,2029,Honda,Model_128,A3D02B15171D15DC0
650,1,42949672972,2005,Ford,Model_16,F38EEBC35DC22EB7F
651,1,42949672973,1999,Honda,Model_9,CA566D330BC8C160F
657,1,42949672974,2020,Chevy,Model_145,03CF596C8056B2541
658,1,42949672975,2032,Tesla,Model_80,C43A1C2E02220581E
659,1,42949672976,1998,Honda,Model_138,5AABDBB916D47C193
662,1,42949672977,2006,Tesla,Model_169,6CCCB525FFC45D026
664,1,42949672978,2015,Toyota,Model_184,41761963F7DBD7FA4
665,1,42949672979,2005,Chevy,Model_83,A70525251E919EB64
667,1,42949672980,2028,Honda,Model_40,7C21AF5D02EB8DE7E
669,1,42949672981,2033,Ford,Model_197,E65BA9DFFCC4A5893
671,1,42949672982,2020,Honda,Model_152,BEB00658D3DE3A76F
672,1,42949672983,1995,Toyota,Model_32,0FFB9F50D82F7CA4D
674,1,42949672984,2022,Ford,Model_26,9B36C0CD8A9997DFA
676,1,42949672985,1998,Ford,Model_33,68CEFF2F1416141F6
681,1,42949672986,1996,Ford,Model_149,5BA92CA585F01F605
683,1,42949672987,1997,Ford,Model_95,B6288581EEAC67CF9
689,1,42949672988,2029,Chevy,Model_0,4F0A2BB69F9BF82A1
690,1,42949672989,2013,Tesla,Model_168,4C6A0D61224320EEC
693,1,42949672990,2007,Ford,Model_132,26F8074AD7170A6ED
694,1,42949672991,1998,Tesla,Model_99,7C13EF1E29C8F9C42
695,1,42949672992,1996,Ford,Model_68,2BB760FDD6E6F576C
696,1,42949672993,2019,Ford,Model_40,C6A61C894C660CD93
697,5,42949672994,1999,Bayliner,Model_10,964B235E7ED1C94A1
699,4,42949672995,2014,Harley,Model_0,CE2C94AC78CA9AF5F
701,1,42949672996,2033,Toyota,Model_13,A062FB954D2EA8869
702,1,42949672997,2024,Chevy,Model_44,0039467AB1ADAD165
704,4,42949672998,2012,Kawasaki,Model_119,F6EB23A92B8E96A2D
708,1,42949672999,2025,Chevy,Model_110,29B7241659258C34A
710,1,42949673000,2017,Tesla,Model_197,F974313668E261DF9
711,1,42949673001,2030,Chevy,Model_108,4E293E483A47092C1
712,1,42949673002,2034,Chevy,Model_121,3970DAFFB05B278A3
714,1,42949673003,2003,Chevy,Model_40,7EE2773109394114C
715,4,42949673004,2000,Kawasaki,Model_181,51B8B4ADD7D8FC004
716,1,42949673005,2028,Chevy,Model_156,2371923C206A5CA82
719,1,42949673006,2031,Toyota,Model_142,08AF657521EA28819
721,1,42949673007,2031,Chevy,Model_179,587736C179CA1A0B8
722,1,42949673008,2016,Ford,Model_149,97A80F2D08859F26E
723,1,42949673009,2024,Tesla,Model_150,C593D5DC02613D6A4
724,4,42949673010,2019,Honda,Model_119,718FEE7904F184035
729,1,42949673011,2017,Honda,Model_27,91856EFD11E0FC2DF
731,1,42949673012,2023,Chevy,Model_84,8D59CF8F83BADF367
735,1,42949673013,1997,Ford,Model_157,162D6A8DD9A3548F0
736,4,42949673014,2031,Harley,Model_170,0C31DE4BDA974ED10
737,1,42949673015,2022,Chevy,Model_123,B692E9638907A0AEB
738,1,42949673016,2033,Toyota,Model_70,4C8756FE081C4F347
739,1,42949673017,2022,Tesla,Model_105,0DCD1052FAFA8071C
742,1,42949673018,2028,Chevy,Model_181,61BFDFE80B4F1BAF9
743,1,42949673019,2001,Ford,Model_87,3229F8108177949D6
744,1,42949673020,2000,Toyota,Model_176,7A58A25B9124F6EAE
746,1,42949673021,2020,Honda,Model_136,A8D990236D88F5947
747,1,42949673022,2018,Toyota,Model_45,F4BEB95D14A8867F9
748,1,42949673023,2006,Ford,Model_165,E03DD3545BCA80DAB
750,1,51539607552,2020,Chevy,Model_115,F8246B2125A50992B
751,1,51539607553,2029,Chevy,Model_173,1DC33629A7D561F47
754,1,51539607554,2002,Tesla,Model_139,90AA5C962AE4ECC5A
755,1,51539607555,1995,Honda,Model_183,8EFCCB2C1CDB6E450
756,5,51539607556,1999,Lund,Model_175,2D3943A2D76BDB91F
757,1,51539607557,2031,Honda,Model_75,1417922C9B957AF41
759,4,51539607558,2011,Yamaha,Model_130,9B130F87C4403AF14
760,1,51539607559,2024,Tesla,Model_79,D683C09317599A6D8
762,1,51539607560,2021,Honda,Model_26,6F7AA9349D9AB2151
763,1,51539607561,2006,Honda,Model_161,599EE21F5DA789854
767,1,51539607562,2001,Ford,Model_87,3D8C5DA4372819EF9
776,1,51539607563,2016,Ford,Model_125,A331EA6B3DB4431F7
777,1,51539607564,2003,Toyota,Model_31,D89645E9B439E07F6
778,1,51539607565,2012,Ford,Model_12,C1A282619C844445E
781,1,51539607566,2024,Chevy,Model_154,7064DBA14ADF80AB7
782,5,51539607567,2032,SeaRay,Model_95,AB90866010FA8211F
784,4,51539607568,2016,Honda,Model_141,4E0B7A6807A40E7F8
785,1,51539607569,2028,Ford,Model_129,5427AD93408D60E9C
786,1,51539607570,2000,Ford,Model_21,61FD85E2733033403
789,4,51539607571,2020,Yamaha,Model_183,4B56EA6DF3A8F6923
791,1,51539607572,2013,Toyota,Model_145,EEA6BFE12801A2C41
792,1,51539607573,2009,Chevy,Model_46,73FFF7BEBB4AADD74
793,4,51539607574,2017,Honda,Model_180,3D25A8FEA759DF2F6
794,4,51539607575,1996,Harley,Model_152,DC04330F5DFF30A73
797,1,51539607576,2010,Toyota,Model_126,A5A3CDC7A6AE048ED
798,4,51539607577,2010,Yamaha,Model_176,96D4221CE32FFCF64
800,1,51539607578,2004,Tesla,Model_80,C14EB2F4AEA478E6E
802,1,51539607579,2003,Chevy,Model_153,D2EAFD2DD8CD1D31D
804,1,51539607580,2024,Chevy,Model_66,9249B0952F2B8F445
814,1,51539607581,2028,Honda,Model_104,019FAEAFA009DD871
815,1,51539607582,2008,Honda,Model_71,033BD18D5C9C7A3CD
816,1,51539607583,2029,Honda,Model_141,3856F3FB20B96A440
819,1,51539607584,2008,Chevy,Model_162,85D4BCD76BAA80E7C
821,1,51539607585,2007,Tesla,Model_15,6E5A9674DF2235D31
822,1,51539607586,1996,Toyota,Model_72,1CFA6C4D722910899
824,1,51539607587,2026,Toyota,Model_79,F0FD0D782FC405D15
830,1,51539607588,2024,Honda,Model_5,028179E049AD55115
831,1,51539607589,2033,Toyota,Model_182,934B8C9847B8842F4
833,1,51539607590,2024,Honda,Model_135,DE262A4C45453A875
834,1,51539607591,2022,Ford,Model_49,9BF5FC169798F94EC
836,1,51539607592,2025,Honda,Model_142,D880129806A17FAFC
838,1,51539607593,2025,Honda,Model_7,546C4702EA80880C0
840,1,51539607594,1998,Honda,Model_147,CF06A57D775DB4298
841,1,51539607595,2024,Chevy,Model_65,582532BE9227E335E
843,1,51539607596,2009,Honda,Model_64,09FEFFD155D0E93AE
846,4,51539607597,2032,Honda,Model_128,D9EA1B9149FFE1BB1
849,5,51539607598,2017,SeaRay,Model_166,C66803E01AD657419
853,1,51539607599,2020,Chevy,Model_68,D417A34B7519399DF
854,1,51539607600,2009,Chevy,Model_130,E49090ADFAF1CE4A9
861,1,51539607601,2022,Honda,Model_177,CDBA0509750F982EC
862,1,51539607602,2001,Tesla,Model_174,F7427ACC09F8C1C71
866,1,51539607603,2032,Chevy,Model_26,7CEF0717AECC7CEFC
873,1,51539607604,2021,Ford,Model_27,AA8550ACF11AB48C2
875,4,60129542144,2022,Kawasaki,Model_81,3B02C9CEAB694AD8C
876,1,60129542145,2026,Ford,Model_7,365645D404463E87A
877,4,60129542146,2028,Honda,Model_133,A23FAEB24FB85028A
881,1,60129542147,2011,Ford,Model_78,966E5B2AF7DDE2ECD
883,1,60129542148,2015,Toyota,Model_120,E6BE0A60EB18133AB
884,4,60129542149,2032,Honda,Model_179,4F70677C92886A654
887,1,60129542150,2015,Ford,Model_183,D95638C0835A82913
888,4,60129542151,2013,Harley,Model_185,4FDF7864147F287C9
889,4,60129542152,2004,Yamaha,Model_168,59635D074209AD95E
891,4,60129542153,2003,Harley,Model_92,E8D07710B769A7652
893,1,60129542154,2002,Chevy,Model_166,3577E9C3A9B5820EE
897,1,60129542155,2008,Toyota,Model_38,4FFF02CBBEC758B90
898,1,60129542156,2022,Honda,Model_87,473073B03D4CB224A
900,1,60129542157,2006,Tesla,Model_8,DF777CCD1659DEED8
903,4,60129542158,2009,Harley,Model_48,60349E12761E7D8F3
910,4,60129542159,1996,Harley,Model_8,9DA0356ACB6B2D4F4
911,1,60129542160,2026,Ford,Model_193,07FD035EE05570466
912,1,60129542161,1996,Tesla,Model_74,B43B5CF3E67BBBD6C
914,1,60129542162,2030,Tesla,Model_179,ED1D483F90AA647F9
915,1,60129542163,2019,Ford,Model_20,E03BE4005AC00D69B
916,1,60129542164,2024,Tesla,Model_169,F124E326A79C4CF13
921,1,60129542165,2013,Chevy,Model_38,2B5B31785C94BD2BF
922,1,60129542166,2012,Tesla,Model_21,6CA309DAC5E587D2F
923,1,60129542167,2015,Ford,Model_79,A6AE396A69C530630
926,1,60129542168,2019,Tesla,Model_1,6F0FF2269E82F78A8
927,4,60129542169,2033,Yamaha,Model_32,59869755D532E40EB
928,1,60129542170,2001,Toyota,Model_90,080EBA791D45B6FEC
939,1,60129542171,2001,Honda,Model_56,BE21D3535D7D5F3F2
940,5,60129542172,2016,Yamaha,Model_122,1C376F749311A5B62
942,1,60129542173,1997,Ford,Model_90,780EBDC90412BE8A7
951,1,60129542174,2012,Tesla,Model_178,DFEE42711401BD6E2
955,4,60129542175,2003,Kawasaki,Model_136,C93A138498B5D87B2
957,1,60129542176,2018,Toyota,Model_67,22FC1320497072301
958,1,60129542177,2013,Chevy,Model_148,7350BF01368D7E83C
960,1,60129542178,2012,Toyota,Model_141,1C9C3E8E69074BEBB
962,1,60129542179,2025,Ford,Model_140,1E0DCF32DDABA6AC2
963,4,60129542180,2011,Harley,Model_57,26A574A4A6FA318CB
965,4,60129542181,2021,Harley,Model_1,D1A0112A7AE9DBF3D
966,1,60129542182,2022,Ford,Model_96,338DD44B66481A85E
969,1,60129542183,2012,Ford,Model_93,3CBEBED731A8E8C06
972,1,60129542184,2032,Tesla,Model_133,5EC3C60217B95B5E4
975,1,60129542185,2026,Toyota,Model_136,AB443AAC982B8EC10
978,1,60129542186,2005,Toyota,Model_27,373B7B1828B74C76A
980,1,60129542187,2030,Tesla,Model_188,62C81728A9AB5FBA1
982,1,60129542188,2022,Toyota,Model_63,671653EA89695734B
983,1,60129542189,2003,Toyota,Model_194,298C3FB1BA35B2A6B
990,1,60129542190,2017,Ford,Model_69,0D88F22D59A47B630
996,4,60129542191,2019,Yamaha,Model_44,998B0B50685A1141E
997,1,60129542192,2003,Chevy,Model_56,65073059F4D84E48E
1003,1,68719476736,2004,Tesla,Model_60,9039DB948F6638676
1004,1,68719476737,2005,Honda,Model_178,2A382AEF57A67448F
1007,1,68719476738,1997,Ford,Model_81,B692E919BC59A0BE5
1014,1,68719476739,2010,Chevy,Model_158,12A742321B97AD199
1018,1,68719476740,2022,Toyota,Model_17,C99C9B65F9E36BD6F
1019,1,68719476741,2000,Honda,Model_189,5B4988B11F4CACDA7
1020,4,68719476742,2012,Harley,Model_11,F18EDA57AC3525743
1028,1,68719476743,2033,Chevy,Model_190,085A06ABF4F4475F4
1029,1,68719476744,2005,Chevy,Model_16,F881AAB70954C7904
1030,1,68719476745,2029,Toyota,Model_25,7E20305473C8EAD96
1033,1,68719476746,2029,Tesla,Model_49,4D31D531CA511E4FF
1034,1,68719476747,2007,Chevy,Model_137,0D715463C59F5CEC0
1037,1,68719476748,2033,Chevy,Model_64,61A7B13A5C26A46C0
1040,1,68719476749,2024,Toyota,Model_165,FD7E62DEBF72ADB7B
1041,1,68719476750,2029,Toyota,Model_8,2FE9155D25CC08621
1044,1,68719476751,2010,Chevy,Model_66,95CB25296E5722E2F
1047,1,68719476752,2033,Honda,Model_173,FB72B52F99FD59E54
1049,1,68719476753,1995,Chevy,Model_199,B178690DB9ADCC08F
1050,1,68719476754,2014,Tesla,Model_62,202E6981A892CEFF3
1052,1,68719476755,2009,Tesla,Model_123,EECE243DAF792ED8A
1053,1,68719476756,2033,Honda,Model_165,BC2DA2B3D3E09D1F4
1055,1,68719476757,1999,Ford,Model_86,A9BDD83E0D641612B
1056,1,68719476758,2026,Tesla,Model_35,7687D00C1F2B71EB6
1058,1,68719476759,1996,Chevy,Model_197,D6686287056435294
1066,1,68719476760,2003,Toyota,Model_7,A74827836749C579A
1067,1,68719476761,2003,Toyota,Model_103,959D173F7FD58C508
1068,1,68719476762,2005,Toyota,Model_10,76456D1F7DEF87006
1071,1,68719476763,2030,Chevy,Model_78,FBFEDD310BD5698B8
1072,1,68719476764,1998,Honda,Model_10,A122E3FED984782B6
1076,5,68719476765,1996,SeaRay,Model_132,EC487915DEBC8D831
1077,1,68719476766,2030,Toyota,Model_42,BFA315C6514ADB7BB
1078,1,68719476767,1998,Tesla,Model_41,EEF1870D675FD6BA3
1079,1,68719476768,2001,Chevy,Model_39,829051E36C710E1AA
1080,1,68719476769,2006,Honda,Model_194,8A2DF401F2766AFFA
1083,1,68719476770,2021,Ford,Model_190,C299657EE2559B4B8
1084,1,68719476771,2014,Ford,Model_120,433CAC660AC338441
1086,4,68719476772,2009,Kawasaki,Model_106,880191506DE76981C
1089,1,68719476773,2021,Toyota,Model_182,8AE4D002932ADA547
1092,1,68719476774,2001,Toyota,Model_154,AC2D90161E639F386
1093,1,68719476775,2012,Toyota,Model_135,8D5468194F2148ED1
1094,1,68719476776,2001,Ford,Model_46,EB0C983DC29233875
1096,1,68719476777,2013,Honda,Model_85,F12342EA091BCD5A0
1103,1,68719476778,2010,Honda,Model_160,A0B9D63620D617102
1105,1,68719476779,1999,Tesla,Model_71,10B31DA45A0751F06
1114,5,68719476780,2012,Bayliner,Model_160,00355B9887E0D27C4
1118,1,68719476781,2004,Honda,Model_51,EA0199FAB801CC7C8
1119,1,68719476782,2029,Chevy,Model_47,AE10DD6B5EBB57E80
1120,4,68719476783,1996,Harley,Model_0,EC33ECCB450FCAD1D
1121,4,68719476784,2026,Kawasaki,Model_182,3BB1F73EE9E4125DB
1122,1,68719476785,2005,Ford,Model_57,ABC0AB4A554A498E8
1123,1,68719476786,2011,Tesla,Model_34,92CC2A5248633FD5C
1130,4,77309411328,2030,Honda,Model_42,38BF6277F0FCC7240
1133,1,77309411329,2011,Honda,Model_195,D9592DE1B8A4F5D8F
1135,1,77309411330,2005,Tesla,Model_158,9ABDBEDDCA76A2D13
1136,4,77309411331,2019,Yamaha,Model_137,97C304E60B013A5BE
1137,1,77309411332,2001,Chevy,Model_15,BAFF59A37228E0CA8
1138,1,77309411333,2016,Tesla,Model_114,6715AD6FA9E4F65DC
1139,4,77309411334,2023,Harley,Model_182,A348CEF25199C90D5
1143,1,77309411335,2022,Tesla,Model_157,89873D1D8051F61C3
1146,1,77309411336,1996,Ford,Model_183,291BC15EE03D71E70
1147,1,77309411337,2032,Chevy,Model_121,9CFC12A23ECB79A2F
1152,1,77309411338,2019,Ford,Model_118,B949FAD7084D33F63
1154,1,77309411339,2020,Toyota,Model_144,21451C28B068C3CE4
1156,1,77309411340,1998,Tesla,Model_95,2829B28E884D02D76
1159,1,77309411341,1996,Honda,Model_179,D115191134B9E4E7D
1160,1,77309411342,2024,Chevy,Model_199,B01C01C91710817D6
1161,1,77309411343,2011,Toyota,Model_95,C58149BB05E81E5CC
1163,1,77309411344,2022,Toyota,Model_148,44C3108E62A52A70F
1164,1,77309411345,2028,Chevy,Model_149,52A46B617EDBE420F
1165,4,77309411346,2031,Honda,Model_79,8F2A584FA28D837D3
1167,1,77309411347,2011,Honda,Model_146,5699C62B04A873533
1168,4,77309411348,2003,Harley,Model_99,1D59FDB1664C79D5D
1169,1,77309411349,2034,Chevy,Model_98,90976CFC5CBE229F7
1170,1,77309411350,2025,Chevy,Model_44,F9F2FC3FD6A61C531
1178,1,77309411351,2001,Toyota,Model_188,8E44D0D955CC83B10
1179,1,77309411352,2000,Tesla,Model_42,968BAFF6C95571279
1189,1,77309411353,2001,Chevy,Model_94,01A88E8E07590A417
1191,1,77309411354,2024,Ford,Model_96,44E8AB3849C7693D0
1193,1,77309411355,2014,Tesla,Model_144,AEB11D94CA9CD9B82
1196,1,77309411356,1995,Chevy,Model_23,57C28A076C705DDD6
1198,4,77309411357,2028,Kawasaki,Model_182,C66EA6224F211EF7E
1200,4,77309411358,2021,Kawasaki,Model_170,ACB0295D7D1A4966C
1201,1,77309411359,2014,Chevy,Model_20,A14E44CD7F6FD4121
1206,1,77309411360,2008,Tesla,Model_46,4D076203FB18C5208
1208,1,77309411361,2003,Honda,Model_165,8DFA4A9FE7F64FDF4
1209,1,77309411362,1997,Chevy,Model_30,F94E256FB8A2B0855
1212,4,77309411363,1995,Kawasaki,Model_156,DD19EB5F056F6827C
1219,1,77309411364,1997,Ford,Model_88,73EB2F63F4F4EC2DA
1221,1,77309411365,2003,Honda,Model_88,D87AD93A63A4ED0C8
1225,1,77309411366,2018,Ford,Model_184,C196AE697F661C827
1227,4,77309411367,2017,Kawasaki,Model_69,7DD4B5C3A55D91C16
1229,1,77309411368,2034,Chevy,Model_138,90F66E391FC904C8E
1230,1,77309411369,2016,Tesla,Model_34,2A4DB9C2EE520B4DF
1235,4,77309411370,2019,Honda,Model_116,D0781C8F6A8857165
1241,1,77309411371,2003,Toyota,Model_123,8BEB281D8869F0974
1247,1,77309411372,2031,Ford,Model_46,8EACA3C0E556F34BD
1248,1,77309411373,2026,Ford,Model_187,50BB33FC1034155C3
1250,1,85899345920,2018,Honda,Model_60,B9950F4C7B6152144
1252,1,85899345921,2029,Toyota,Model_80,7827469C911122254
1253,5,85899345922,2022,Bayliner,Model_15,8F815B8B1573A20A1
1254,1,85899345923,2031,Chevy,Model_66,86011834672A04555
1257,1,85899345924,2030,Ford,Model_172,BD0871A1A63F3CBAD
1258,4,85899345925,2010,Honda,Model_159,5017C6C748702082F
1262,4,85899345926,2021,Kawasaki,Model_144,32BAEA9A09E2E8187
1263,1,85899345927,2010,Chevy,Model_151,479B788A763AE602A
1264,1,85899345928,2000,Tesla,Model_65,319C3FF5AF8F7A7DB
1265,1,85899345929,2027,Tesla,Model_22,16DAC3CA9FBA63A47
1266,1,85899345930,2012,Tesla,Model_51,642814215A4FCE2D4
1267,1,85899345931,2020,Tesla,Model_100,62CB263E71EB9FB4D
1268,1,85899345932,2001,Honda,Model_36,85F9B71D358BD4120
1269,1,85899345933,1997,Tesla,Model_176,7DFB5897800CDD56A
1271,4,85899345934,2025,Honda,Model_196,57DDA72F7D0BE42DB
1272,1,85899345935,2014,Toyota,Model_137,BCE0013B0F2B0A5F8
1273,1,85899345936,2023,Honda,Model_11,95705A4065FCBAEA9
1276,1,85899345937,2020,Toyota,Model_74,096CD622EF34DFFED
1278,1,85899345938,1999,Ford,Model_137,7468332DF200F2275
1280,1,85899345939,2031,Toyota,Model_151,29F98BAC407B7C985
1281,1,85899345940,2024,Tesla,Model_142,70998DBC89ADA7F50
1283,1,85899345941,2004,Ford,Model_77,057CAC0B5E2A42095
1285,4,85899345942,2031,Kawasaki,Model_181,84F39D13A11998AB9
1287,1,85899345943,2025,Tesla,Model_99,BD7E347B04CD6BB51
1289,1,85899345944,2020,Toyota,Model_170,7B946280E57D892FB
1291,1,85899345945,2030,Tesla,Model_99,46E7E5AD441AA4E23
1292,1,85899345946,2011,Toyota,Model_46,A8A4F773B49E3B754
1294,4,85899345947,2025,Yamaha,Model_105,0660D58844EFAFACA
1295,1,85899345948,2008,Toyota,Model_138,94B375EEC3D3E4B13
1297,1,85899345949,2015,Ford,Model_145,83678012AD92A684E
1302,1,85899345950,2009,Toyota,Model_193,0596F8C9D641F8E88
1303,1,85899345951,2023,Toyota,Model_21,FFB40DBE205CE3A59
1310,1,85899345952,2027,Honda,Model_112,AA7A7BA5871DF21CC
1316,1,85899345953,1998,Ford,Model_1,6E2D5C1FD96499A9C
1322,1,85899345954,2009,Chevy,Model_31,DDE0AEB9CD1283338
1326,1,85899345955,2010,Honda,Model_54,BB0953626425C4528
1329,1,85899345956,1996,Tesla,Model_157,29A1320436DD54817
1330,1,85899345957,2031,Chevy,Model_104,A0DBC317EE54B1EAB
1331,1,85899345958,2022,Ford,Model_24,03B0F8363980E4A65
1333,1,85899345959,2004,Chevy,Model_68,AEA452BC15ECCEA43
1337,1,85899345960,2023,Chevy,Model_72,166C5C943EACA61E5
1343,1,85899345961,1996,Chevy,Model_126,92CC29A00506EC8A6
1344,1,85899345962,2024,Ford,Model_65,53CA92913F1387E17
1345,1,85899345963,2008,Toyota,Model_35,4181EDB2ED45D25B3
1346,4,85899345964,2007,Kawasaki,Model_32,45B2F8F78CCFED97F
1348,4,85899345965,2020,Yamaha,Model_61,38916A7678DDA1F9C
1350,4,85899345966,2028,Kawasaki,Model_139,0A8BE54D7E7D0E740
1352,1,85899345967,2008,Honda,Model_80,731F6640919A355CC
1353,4,85899345968,2021,Yamaha,Model_85,2C7817E50116C2788
1354,1,85899345969,2030,Honda,Model_178,D3B582741912DD133
1357,1,85899345970,2029,Chevy,Model_27,65791457A22577BE2
1360,4,85899345971,2000,Yamaha,Model_183,93FFE514A1A5E5589
1361,1,85899345972,2000,Chevy,Model_198,137A548DB11215C97
1362,1,85899345973,2004,Toyota,Model_147,E78F0616ECC831BFB
1363,4,85899345974,2013,Yamaha,Model_34,698E9C2CAB4ACA59A
1365,1,85899345975,2004,Tesla,Model_163,1F01B3A8AFD416263
1367,1,85899345976,2004,Ford,Model_34,318349D50F497BCA6
1370,1,85899345977,2007,Tesla,Model_9,3060480D45C2621F6
1371,1,85899345978,2015,Ford,Model_4,05D65ECD1644DD11E
1373,1,85899345979,2000,Ford,Model_54,7413C983BF60D1F8D
1375,1,94489280512,2011,Ford,Model_36,DD15C95D798244638
1376,4,94489280513,1996,Yamaha,Model_120,6ACC660F302FCBCEB
1381,1,94489280514,2021,Tesla,Model_145,DB40E93839378A36C
1382,1,94489280515,2010,Honda,Model_109,79385B43A9856E3CC
1386,1,94489280516,2019,Chevy,Model_63,77F65C83DBCD8392D
1388,1,94489280517,2030,Toyota,Model_196,B5F2CB6D990510D01
1389,1,94489280518,2031,Tesla,Model_128,08C65E677F7A887B1
1391,1,94489280519,2032,Toyota,Model_96,3CBDC16B1D993859C
1394,1,94489280520,2028,Tesla,Model_78,C37ED09BF7E95E225
1396,1,94489280521,2013,Toyota,Model_174,DE39876F4E48DCDB7
1401,1,94489280522,2028,Toyota,Model_26,0EA440A160F781046
1404,1,94489280523,2002,Ford,Model_40,ACE6A8A8009A79376
1407,1,94489280524,2012,Chevy,Model_81,41E2B8713CD2DEC01
1408,1,94489280525,1996,Ford,Model_128,C3B81F06474E775CD
1412,1,94489280526,2004,Tesla,Model_108,B252C7E70585F0A7A
1415,1,94489280527,1996,Toyota,Model_145,17F89D226E52F4537
1418,1,94489280528,2033,Ford,Model_91,2D99E745AC5FECA20
1420,1,94489280529,2009,Tesla,Model_95,625144EB3797A95A7
1421,4,94489280530,2030,Kawasaki,Model_194,65DCB99C6CE901E5E
1423,4,94489280531,1999,Kawasaki,Model_114,4413144960BC60AB9
1426,1,94489280532,2028,Tesla,Model_187,343079C21B4F9D313
1427,1,94489280533,2002,Ford,Model_120,FD80793CA8BF7379A
1429,1,94489280534,1999,Chevy,Model_156,17470CAB0A6FA2594
1434,1,94489280535,2010,Tesla,Model_156,7B82739E2C9AAF4CF
1438,4,94489280536,1995,Harley,Model_129,52C749EC7D6EFEEDA
1440,1,94489280537,2001,Honda,Model_155,063AB85DE03B30755
1443,1,94489280538,2013,Toyota,Model_41,5BBD18D15BFF08079
1448,1,94489280539,2006,Tesla,Model_118,7A260BD8CE1F43FE2
1451,1,94489280540,2019,Toyota,Model_97,8B248242B42C0A040
1453,4,94489280541,2013,Yamaha,Model_97,FF8755DB5E3145526
1456,4,94489280542,2030,Harley,Model_109,F2BFBE6E12EA38A4D
1459,1,94489280543,2022,Honda,Model_145,3CB9DC44EF4128079
1462,4,94489280544,2008,Kawasaki,Model_156,3B91F44CD2EFEF4D3
1463,1,94489280545,2024,Toyota,Model_171,6C3CEDAE89A63F07C
1464,1,94489280546,2023,Ford,Model_102,632FB06D98DEC9FDA
1466,1,94489280547,2023,Toyota,Model_40,7A4BAF4868DB8B976
1467,1,94489280548,2006,Chevy,Model_145,A471C0467B0994981
1471,1,94489280549,1995,Ford,Model_158,540E01F0D4CCB3F23
1473,1,94489280550,2014,Ford,Model_91,9321BC871F8D20BD1
1474,1,94489280551,2013,Toyota,Model_103,193CBBBC33404943E
1475,1,94489280552,2021,Tesla,Model_150,B74AD28A9913909E5
1476,1,94489280553,2022,Tesla,Model_91,EBA62E6496A1EEBFC
1479,1,94489280554,2000,Chevy,Model_187,40D3B11A67C54E1D3
1481,1,94489280555,2032,Honda,Model_10,D0D2B6C59BFD3AD61
1482,1,94489280556,2007,Tesla,Model_157,CF7EA8AAA121C8CAC
1483,1,94489280557,2033,Chevy,Model_159,5590C3C33ECC863C0
1490,1,94489280558,2008,Chevy,Model_171,D5973118477505A3D
1491,4,94489280559,2003,Kawasaki,Model_57,81EE5C632A4D6C0BA
1493,1,94489280560,2006,Ford,Model_178,E943C9588411AA2C7
1494,1,94489280561,2031,Honda,Model_58,5F3900DA8FA9F0683
1495,1,94489280562,2017,Tesla,Model_26,18F145E6DDD58111F
1496,1,94489280563,2012,Ford,Model_48,C949E08803466A464
1499,1,94489280564,1997,Tesla,Model_191,02AB714B9EA338142
1504,1,103079215104,2007,Ford,Model_150,95311A44CE21964D3
1506,1,103079215105,2030,Tesla,Model_199,45D1FF419D90406B1
1508,1,103079215106,2011,Chevy,Model_91,A161A5E81F371A50D
1509,1,103079215107,2026,Chevy,Model_175,04A1AD4035AA4F4FC
1511,5,103079215108,1998,Bayliner,Model_109,95923225C10D05D92
1519,1,103079215109,2032,Toyota,Model_95,938297A9E85D33141
1522,1,103079215110,1997,Honda,Model_167,7CC50A86D032ECF67
1523,1,103079215111,2033,Tesla,Model_192,D60EBB2EC9A71898D
1524,1,103079215112,1998,Chevy,Model_101,0CEE1683A0CE1737B
1530,1,103079215113,2000,Tesla,Model_55,27BD73C25B078652C
1534,1,103079215114,2004,Chevy,Model_142,ADDAEB99AC32C95DE
1535,4,103079215115,2022,Honda,Model_57,1A00059A2A3847749
1540,1,103079215116,2007,Honda,Model_101,B1296A4639E292C77
1541,4,103079215117,2028,Honda,Model_42,9F66FBB3AE8C47B3D
1545,1,103079215118,1996,Chevy,Model_163,F902AD2D88FEB14A4
1546,1,103079215119,2008,Honda,Model_170,5BDE8AC57C753A48A
1548,1,103079215120,2029,Tesla,Model_19,A54662ECE1AE32E17
1549,1,103079215121,2034,Tesla,Model_196,DC25A283B454C07D2
1551,1,103079215122,2007,Honda,Model_49,06E508D56DAC831B8
1552,1,103079215123,2019,Chevy,Model_181,D691BD21D0ACC36FF
1560,1,103079215124,2028,Chevy,Model_55,0C9CD0EBEDCA0AAF9
1562,1,103079215125,2012,Ford,Model_65,BA8DBDBE19028923E
1563,1,103079215126,2002,Chevy,Model_112,163C24964A8EB48B4
1564,1,103079215127,2034,Honda,Model_192,AF402B5334AB53B86
1567,1,103079215128,1996,Honda,Model_0,EA31CF6947FBC206A
1570,1,103079215129,2015,Ford,Model_167,2D7FC2A92ECACC945
1573,1,103079215130,1997,Tesla,Model_33,2DC1820E98488929B
1574,1,103079215131,2010,Ford,Model_76,C8036DB54308F0425
1575,1,103079215132,1997,Honda,Model_67,F7843FE4D205385B5
1577,1,103079215133,2021,Honda,Model_90,7DF83267BDC85DFC6
1578,1,103079215134,2003,Chevy,Model_149,50F935A1335CF2F51
1580,4,103079215135,2003,Yamaha,Model_108,BCB98D17DE86B404A
1582,4,103079215136,2002,Honda,Model_63,FEAD701800E50BEAD
1584,1,103079215137,2033,Toyota,Model_175,F0C4926180C71E0AF
1585,4,103079215138,2033,Kawasaki,Model_121,BE8623A63578A02AC
1586,1,103079215139,2019,Tesla,Model_42,E5560AEEBAEC5C038
1587,1,103079215140,2016,Tesla,Model_173,729FE286BD1FB2DE6
1588,1,103079215141,2031,Toyota,Model_13,9EF8E6172AE3A6069
1589,1,103079215142,2025,Ford,Model_63,6FE64D051596EF5B1
1595,4,103079215143,2022,Kawasaki,Model_89,02A2C628D839BA987
1597,1,103079215144,2004,Tesla,Model_15,005A84FD3A12F8842
1599,1,103079215145,2012,Toyota,Model_51,FABD429F6638AB49C
1600,1,103079215146,2027,Chevy,Model_116,392851E2D1204170A
1603,4,103079215147,2009,Harley,Model_50,C0829E0CE5C7DD69B
1607,1,103079215148,2027,Honda,Model_61,D1E7F1EE92403E33F
1609,1,103079215149,2005,Honda,Model_169,CC92F572450B70AA0
1610,1,103079215150,2004,Tesla,Model_144,FD7C3AC179EA668E6
1611,1,103079215151,1995,Ford,Model_183,98398A7C99540B768
1612,1,103079215152,2031,Chevy,Model_148,2501E2FC2DC33C83B
1614,1,103079215153,2006,Toyota,Model_34,4ABDF248DFE93D4AA
1617,1,103079215154,2001,Honda,Model_19,5AF55518E24FE3B10
1620,1,103079215155,2029,Chevy,Model_168,26DE396B340A0C1C4
1621,1,103079215156,2025,Ford,Model_198,0C6BA7BE8B2378B5B
1622,4,103079215157,2013,Kawasaki,Model_168,1EF5B0B505E920E7A
1623,1,103079215158,2010,Tesla,Model_178,D7A855DB6787AA363
1626,1,111669149696,2003,Ford,Model_105,A539587713170D2B4
1629,1,111669149697,2034,Honda,Model_137,7F5EC5AC7EA0523BE
1630,4,111669149698,2026,Yamaha,Model_188,EA007F4F9E5EE2303
1631,1,111669149699,2022,Toyota,Model_187,1EEC70A77027D4872
1633,1,111669149700,1998,Ford,Model_135,60DB45B195EF0EF2C
1634,1,111669149701,2017,Tesla,Model_22,493A97451CE893C49
1635,1,111669149702,2031,Chevy,Model_190,9967E45BF9D69C6B1
1643,1,111669149703,2026,Chevy,Model_77,EF7416E625AF3D001
1645,1,111669149704,2031,Chevy,Model_33,3AD4E224F3CBCDFE8
1647,5,111669149705,2019,Lund,Model_122,92BA00433E0D156B5
1648,1,111669149706,2018,Ford,Model_12,DFB3E71C9C4278EE4
1649,1,111669149707,2023,Toyota,Model_197,E32FC3569DD730342
1651,1,111669149708,2014,Ford,Model_42,B86CA7ACB0740597F
1652,1,111669149709,2030,Honda,Model_130,C965799F5363028AF
1655,4,111669149710,2034,Harley,Model_155,097265EEA47BD15A4
1656,1,111669149711,2014,Toyota,Model_21,3389CA0FBCA8A75B6
1658,1,111669149712,2024,Tesla,Model_155,3390B3A4C2E0727BB
1659,1,111669149713,2024,Tesla,Model_81,E6BCB212653537305
1664,1,111669149714,2010,Chevy,Model_187,3B236F16450CA196B
1665,1,111669149715,2024,Toyota,Model_116,6029325749455910C
1669,1,111669149716,2014,Ford,Model_2,BF666B581D823E18E
1672,1,111669149717,2014,Chevy,Model_60,B91494EBF77768033
1673,4,111669149718,2003,Harley,Model_40,60D0F45A8A5406477
1678,1,111669149719,2032,Chevy,Model_157,CB6EDF7A2CBD9E369
1682,1,111669149720,2003,Chevy,Model_186,8761CDD9868385983
1683,1,111669149721,2013,Ford,Model_107,0625D6F7BC6C14361
1684,1,111669149722,2014,Tesla,Model_194,47CBFFCD025F94BC5
1690,1,111669149723,2023,Honda,Model_142,2EEDCE2EF2DD86F6B
1691,1,111669149724,1999,Tesla,Model_54,6DDA1ECF758D1C9CF
1693,4,111669149725,2031,Harley,Model_102,277663E18BC04A6AF
1694,1,111669149726,2029,Honda,Model_108,63DFD9A6818449D3A
1696,1,111669149727,1999,Ford,Model_58,9E118D71C96743802
1698,1,111669149728,2004,Honda,Model_189,1A6E0E808CAB41071
1709,1,111669149729,2028,Chevy,Model_29,2A71B2E879614F483
1710,1,111669149730,2001,Chevy,Model_120,EF8613FE9A32ADFA0
1711,1,111669149731,2026,Tesla,Model_101,74D29A93DA696C16C
1715,1,111669149732,2012,Toyota,Model_105,9E90C33AD9C87B543
1716,1,111669149733,2012,Honda,Model_51,EE67F567F6430D1E7
1723,1,111669149734,2031,Toyota,Model_21,EA5372CB68DBDAC51
1726,4,111669149735,2008,Honda,Model_52,9ECDADC3CF0B82A8D
1727,4,111669149736,2022,Kawasaki,Model_104,9E1E7BA5FD36E91A5
1728,1,111669149737,2001,Toyota,Model_2,5FEF4C8028ADD22EA
1735,1,111669149738,2018,Ford,Model_2,816B4176F7489AB49
1737,1,111669149739,2019,Chevy,Model_194,6CAA7E9BBF9F0D395
1744,1,111669149740,2004,Honda,Model_143,FB5FB1EB0BA11AB6C
1745,1,111669149741,2032,Toyota,Model_111,74EA42613F9E098FB
1748,1,111669149742,2012,Ford,Model_30,03269E9C7F681829B
1749,1,111669149743,1995,Ford,Model_93,B9533E2D009F01679
1750,1,120259084288,2007,Toyota,Model_79,B1E3631A8EB1B9548
1751,1,120259084289,2011,Chevy,Model_162,8F8052968C8EF1FC0
1752,1,120259084290,1998,Chevy,Model_121,3734C307A795E69D2
1754,1,120259084291,2008,Honda,Model_69,AFE73DCF5F064C105
1755,1,120259084292,2029,Ford,Model_23,AF98F8BDDACAC83DB
1756,1,120259084293,2026,Tesla,Model_176,8C8B7BC32D13FF975
1757,1,120259084294,2023,Chevy,Model_72,5E1D40A0257770B03
1759,4,120259084295,2025,Kawasaki,Model_2,728C9F16DA9310468
1762,1,120259084296,2008,Honda,Model_68,1DD776D9B7345C0E6
1763,1,120259084297,1999,Ford,Model_60,BDB1B51EEA66B777A
1767,1,120259084298,2005,Tesla,Model_96,E345F6280075F6688
1769,1,120259084299,2015,Toyota,Model_175,35A7FD7DB4EB3ED5E
1772,1,120259084300,2002,Ford,Model_23,9FEB85F10AF7DBF74
1773,1,120259084301,2030,Honda,Model_113,1B07D2413E46C4C4B
1778,1,120259084302,2034,Chevy,Model_160,1B37342E3B1A42115
1781,1,120259084303,2022,Honda,Model_113,7908B7B8EFDCD5F0B
1782,1,120259084304,1997,Chevy,Model_49,744A862863EDCD13B
1784,1,120259084305,2009,Honda,Model_157,107A925245E114444
1793,4,120259084306,2022,Kawasaki,Model_97,44F18279BCE76BDDE
1794,4,120259084307,2025,Honda,Model_110,63596C7CDEC40B90F
1795,1,120259084308,2023,Honda,Model_4,1D6761A96F0ECD6F8
1798,1,120259084309,2010,Tesla,Model_45,562EC21BE1E569025
1800,1,120259084310,2031,Honda,Model_62,003B474348EDBA13B
1801,1,120259084311,2014,Tesla,Model_2,60238A6D6A77E0675
1804,1,120259084312,2029,Chevy,Model_78,B2CB1CBFF98182344
1806,1,120259084313,2014,Chevy,Model_28,331A93ED2A817D378
1809,1,120259084314,2004,Chevy,Model_28,E53B51E8ADBFECC9C
1813,1,120259084315,2016,Chevy,Model_43,E762AE21706A79567
1814,1,120259084316,2022,Chevy,Model_169,E315D9F0FE895C267
1815,1,120259084317,2024,Ford,Model_143,08C6CAACCE282BBDD
1817,4,120259084318,2033,Kawasaki,Model_186,978F8F163C78179AB
1819,1,120259084319,1999,Honda,Model_38,7BE16D301BD770F69
1824,4,120259084320,2017,Harley,Model_100,72CEC9569A0D3BC8E
1825,1,120259084321,1995,Honda,Model_42,D7573F9699F4F2F72
1827,1,120259084322,2001,Honda,Model_34,8BE1BEE6AEEF8946B
1828,1,120259084323,2005,Honda,Model_40,2DC357A1BA7289C70
1833,1,120259084324,2026,Chevy,Model_3,0BC964B6008094059
1836,1,120259084325,2015,Chevy,Model_42,47ED81E7CF40F7392
1838,1,120259084326,1999,Tesla,Model_18,50B761D4C661B47D4
1841,1,120259084327,2008,Honda,Model_158,F984C5D65443C758D
1842,1,120259084328,2009,Ford,Model_166,8DEAEA555B73BE94E
1844,4,120259084329,2020,Honda,Model_93,E2D9112D61B56121A
1845,1,120259084330,2008,Chevy,Model_96,BFD73346F347C80A4
1846,1,120259084331,2002,Chevy,Model_84,5E276C68585EB8BB4
1852,1,120259084332,2001,Honda,Model_182,74C8496DAC39D4080
1853,1,120259084333,2007,Honda,Model_113,C577CBC377D1B6F0D
1854,4,120259084334,2022,Kawasaki,Model_57,E50ADC2DF45E46274
1856,1,120259084335,2011,Chevy,Model_145,C39C44C0D5A174E5F
1867,1,120259084336,2012,Honda,Model_103,4EDF1E962FCF67064
1869,1,120259084337,2030,Tesla,Model_174,2F26B2A842D0B2C3C
1874,1,120259084338,2000,Toyota,Model_54,7C3E8CA11E9E54A0E
1885,1,128849018880,2002,Chevy,Model_181,58238377FB42C680C
1888,1,128849018881,2019,Tesla,Model_150,1D762846E4134ED18
1889,1,128849018882,2024,Honda,Model_189,21C0FCC222DBCB241
1890,1,128849018883,2016,Tesla,Model_29,A93A314F49A182C4C
1892,1,128849018884,2007,Honda,Model_67,BD667611473F6C4B0
1895,1,128849018885,2034,Honda,Model_145,54C0004588021CC52
1896,1,128849018886,2020,Tesla,Model_98,F5C49216770E6A95B
1903,1,128849018887,2014,Tesla,Model_0,348DFA256CB9F794A
1905,1,128849018888,2010,Honda,Model_72,CBD66B6B2FA7B6A11
1907,1,128849018889,2029,Ford,Model_151,A2886607F26DA9038
1911,1,128849018890,2000,Chevy,Model_129,83DF07E9EF2869E42
1912,4,128849018891,2003,Harley,Model_83,169769EB6098997DB
1913,1,128849018892,2011,Ford,Model_143,1A283268E4F770B08
1914,1,128849018893,2020,Honda,Model_71,6B6FA84A2145252B3
1917,1,128849018894,2016,Ford,Model_54,DA3D2F9CCF079F650
1919,1,128849018895,2024,Tesla,Model_143,EE35D9A8EDAF48B56
1920,1,128849018896,2013,Tesla,Model_124,BD59020E1BC78A5B5
1924,1,128849018897,2014,Toyota,Model_74,A8BAAE292429CFF5C
1925,1,128849018898,2033,Tesla,Model_39,920315851992C60D4
1928,1,128849018899,2017,Ford,Model_185,0D6A72B8F6BDED640
1929,1,128849018900,2032,Tesla,Model_137,5F2504E4F31AB4108
1930,1,128849018901,2019,Ford,Model_84,925077A1628C8D7B6
1931,1,128849018902,2026,Ford,Model_149,72F0AA6B7FDBE597B
1932,1,128849018903,2026,Honda,Model_21,9AEA72D5E6D5F77AC
1942,1,128849018904,2020,Tesla,Model_3,53FEDCBF9A4D5906F
1946,1,128849018905,2026,Toyota,Model_103,0A4B6F15591AC9ED4
1947,1,128849018906,2003,Tesla,Model_167,DB9B9E598DC46257D
1950,1,128849018907,2018,Toyota,Model_111,044B640793EAF8C6E
1952,1,128849018908,2014,Ford,Model_149,4F680E042CC9C347F
1955,1,128849018909,2014,Ford,Model_119,91FC8589C5A7592CF
1956,1,128849018910,2016,Honda,Model_103,B0E0A7C2BEC07C2DB
1958,1,128849018911,2024,Chevy,Model_175,E25E974C727726771
1959,4,128849018912,2026,Harley,Model_121,BA7D959BC4EBD8502
1960,1,128849018913,2029,Honda,Model_92,C720903ADF615E0D1
1961,1,128849018914,2015,Ford,Model_135,B9420D542057A09E0
1964,1,128849018915,2003,Tesla,Model_178,F5B1116C34D25C48B
1965,4,128849018916,2024,Kawasaki,Model_112,2D4942962F0E96C80
1971,1,128849018917,2026,Chevy,Model_34,99A420E2EECD80B38
1975,1,128849018918,2013,Ford,Model_95,77B708BA87811ABB8
1979,1,128849018919,2015,Tesla,Model_199,143D398FBD93A4DED
1980,1,128849018920,2025,Toyota,Model_79,CC87D77B9C47E1E19
1984,1,128849018921,2013,Ford,Model_113,714A4B89D502C418B
1985,1,128849018922,2032,Honda,Model_112,4DA2C46D41A97CBFD
1991,1,128849018923,1997,Toyota,Model_148,FF578AAEE81BE8B26
1992,1,128849018924,2026,Ford,Model_104,0BF715414A70C4CFD
1993,1,128849018925,2026,Honda,Model_162,2A9602AF54C8C07BF
1995,1,128849018926,2029,Ford,Model_160,4912F2A42AC06E627
